id_servicio,tipo_cliente,tipo_servicio,plan,velocidad_bajada_mbps,velocidad_subida_mbps,precio_contratado,antiguedad_meses,cantidad_equipos,cantidad_tickets,tickets_abiertos,tickets_criticos,promedio_dias_resolucion,cantidad_facturas,facturas_vencidas,monto_facturado,monto_pagado,saldo_pendiente,dias_atraso_promedio,cantidad_interacciones,cancelo_servicio,probabilidad_cancelacion,prediccion_cancelacion,nivel_riesgo
1,Persona natural,Fibra óptica,Fibra 500 Mbps,500,250,1480,22,2,3,0,0,2.61,18,3,30636.0,24721.71,5914.29,6.17,5,1,0.4074074074074074,0,Medio
2,Persona natural,Cable,Cable 100 Mbps,100,20,736,24,2,8,2,6,9.17,18,8,15235.2,12820.63,2414.57,16.83,9,0,0.3,0,Medio
3,Persona natural,Fibra óptica,Fibra 200 Mbps,200,100,1032,39,2,4,1,2,7.23,18,5,21362.4,19565.62,1796.78,9.44,5,0,0.11382113821138211,0,Bajo
4,Persona natural,Cable,Cable 50 Mbps,50,10,549,34,2,2,0,0,1.03,18,3,11364.3,11072.23,292.07,0.35,3,0,0.0,0,Bajo
5,Persona natural,Cable,Cable 100 Mbps,100,20,720,34,2,2,0,0,1.27,18,6,14904.0,14541.95,362.05,1.39,3,0,0.0,0,Bajo
6,Empresa,Fibra óptica,Fibra 200 Mbps,200,100,1049,38,2,4,0,1,8.05,18,3,21714.3,20948.42,765.88,14.12,2,0,0.0,0,Bajo
7,Persona natural,Cable,Cable 50 Mbps,50,10,556,18,2,4,0,0,4.96,18,6,11509.2,11049.65,459.55,9.84,6,0,0.0,0,Bajo
8,Persona natural,Cable,Cable 100 Mbps,100,20,739,34,2,0,0,0,0.0,18,0,15297.3,15170.14,127.16,1.41,3,0,0.0,0,Bajo
9,Persona natural,Inalámbrico,Inalámbrico 50 Mbps,50,20,669,27,2,1,0,0,8.23,18,4,13848.3,11875.24,1973.06,14.34,6,1,0.3037037037037037,0,Medio
10,Persona natural,Cable,Cable 100 Mbps,100,20,717,45,2,0,0,0,0.0,18,1,14841.9,14646.41,195.49,1.66,1,0,0.0,0,Bajo
11,Persona natural,Fibra óptica,Fibra 500 Mbps,500,250,1469,7,2,7,1,3,5.35,7,3,11825.45,7892.46,3932.99,27.29,5,1,0.4722222222222222,0,Medio
12,Persona natural,Cable,Cable 100 Mbps,100,20,754,15,2,9,2,3,15.3,15,4,13006.5,9283.31,3723.19,24.46,9,0,0.3,0,Medio
13,Persona natural,Fibra óptica,Fibra 500 Mbps,500,250,1485,31,2,1,0,0,1.51,18,1,30739.5,29314.46,1425.04,2.07,2,0,0.11382113821138211,0,Bajo
14,Persona natural,Fibra óptica,Fibra 200 Mbps,200,100,967,8,2,1,1,0,7.63,8,2,8896.4,8259.35,637.05,8.31,6,0,0.0,0,Bajo
15,Empresa,Fibra óptica,Fibra 200 Mbps,200,100,1044,48,2,1,0,0,2.2,18,1,21610.8,21552.52,58.28,0.1,3,0,0.0,0,Bajo
16,Empresa,Enlace dedicado,Dedicado 300 Mbps,300,300,6003,42,3,5,0,0,7.59,18,2,124262.1,117046.8,7215.3,8.64,3,0,0.4074074074074074,0,Medio
17,Persona natural,Fibra óptica,Fibra 100 Mbps,100,50,848,24,2,4,1,3,6.89,18,6,17553.6,14081.01,3472.59,23.34,9,1,1.0,1,Alto
18,Persona natural,Cable,Cable 100 Mbps,100,20,799,5,2,6,3,1,6.58,5,0,4594.25,3128.8,1465.45,1.62,6,0,0.3037037037037037,0,Medio
19,Persona natural,Fibra óptica,Fibra 500 Mbps,500,250,1490,33,2,0,0,0,0.0,18,2,30843.0,30470.05,372.95,3.45,2,0,0.0,0,Bajo
20,Persona natural,Fibra óptica,Fibra 200 Mbps,200,100,1000,23,2,3,1,0,7.22,18,0,20700.0,17623.68,3076.32,11.5,4,0,0.11382113821138211,0,Bajo
21,Persona natural,Fibra óptica,Fibra 200 Mbps,200,100,1030,39,2,1,0,0,5.29,18,4,21321.0,18435.51,2885.49,13.9,5,0,0.11382113821138211,0,Bajo
22,Persona natural,Fibra óptica,Fibra 100 Mbps,100,50,827,24,2,0,0,0,0.0,18,1,17118.9,16626.85,492.05,2.72,3,0,0.0,0,Bajo
23,Persona natural,Fibra óptica,Fibra 200 Mbps,200,100,988,23,2,9,3,2,18.34,18,5,20451.6,11719.08,8732.52,15.33,9,1,1.0,1,Alto
24,Persona natural,Fibra óptica,Fibra 500 Mbps,500,250,1533,43,2,2,1,0,1.36,18,0,31733.1,31112.51,620.59,0.48,1,0,0.0,0,Bajo
25,Persona natural,Inalámbrico,Inalámbrico 50 Mbps,50,20,613,37,2,1,0,0,7.02,18,5,12689.1,11402.26,1286.84,10.92,6,0,0.14,0,Bajo
26,Persona natural,Inalámbrico,Inalámbrico 50 Mbps,50,20,668,32,2,4,1,0,7.99,18,1,13827.6,12037.03,1790.57,8.63,5,1,0.3037037037037037,0,Medio
27,Persona natural,Inalámbrico,Inalámbrico 50 Mbps,50,20,641,42,2,4,1,0,6.32,18,3,13268.7,10998.39,2270.31,3.95,3,0,0.3037037037037037,0,Medio
28,Empresa,Enlace dedicado,Dedicado 300 Mbps,300,300,6031,34,3,1,0,1,2.57,18,0,124841.7,120312.94,4528.76,1.13,2,0,0.11382113821138211,0,Bajo
29,Persona natural,Cable,Cable 50 Mbps,50,10,585,32,2,2,0,0,1.22,18,0,12109.5,12057.12,52.38,1.66,2,0,0.0,0,Bajo
30,Persona natural,Inalámbrico,Inalámbrico 20 Mbps,20,10,492,15,2,4,0,1,8.86,15,3,8487.0,7108.99,1378.01,3.76,6,0,0.3037037037037037,0,Medio
31,Persona natural,Fibra óptica,Fibra 200 Mbps,200,100,954,20,2,1,0,0,1.32,18,1,19747.8,19437.44,310.36,2.72,3,0,0.0,0,Bajo
32,Persona natural,Fibra óptica,Fibra 100 Mbps,100,50,807,23,2,2,0,0,2.94,18,2,16704.9,15891.19,813.71,0.07,1,0,0.0,0,Bajo
33,Persona natural,Fibra óptica,Fibra 100 Mbps,100,50,765,44,2,2,0,0,1.79,18,2,15835.5,15095.73,739.77,1.38,2,0,0.0,0,Bajo
34,Empresa,Cable,Cable 50 Mbps,50,10,613,56,2,1,0,0,2.68,18,0,12689.1,12291.07,398.03,0.26,3,0,0.0,0,Bajo
35,Persona natural,Cable,Cable 50 Mbps,50,10,594,35,2,1,1,0,4.46,18,3,12295.8,10407.85,1887.95,12.15,6,0,0.3037037037037037,0,Medio
36,Persona natural,Inalámbrico,Inalámbrico 20 Mbps,20,10,500,22,2,0,0,0,0.0,18,2,10350.0,9973.86,376.14,3.77,3,0,0.0,0,Bajo
37,Persona natural,Cable,Cable 50 Mbps,50,10,616,60,2,1,1,0,2.12,18,0,12751.2,12313.23,437.97,0.86,1,0,0.0,0,Bajo
38,Persona natural,Fibra óptica,Fibra 500 Mbps,500,250,1470,57,2,1,0,0,0.99,18,0,30429.0,29824.07,604.93,1.52,1,0,0.0,0,Bajo
39,Persona natural,Inalámbrico,Inalámbrico 50 Mbps,50,20,671,36,2,5,1,1,4.12,18,5,13889.7,12540.33,1349.37,9.02,4,0,0.3037037037037037,0,Medio
40,Persona natural,Inalámbrico,Inalámbrico 20 Mbps,20,10,459,20,2,9,1,1,15.18,18,7,9501.3,6583.21,2918.09,16.29,4,0,0.4722222222222222,0,Medio
41,Persona natural,Inalámbrico,Inalámbrico 20 Mbps,20,10,536,41,2,1,1,0,2.13,18,6,11095.2,9369.38,1725.82,4.99,4,1,0.3037037037037037,0,Medio
42,Persona natural,Cable,Cable 50 Mbps,50,10,627,26,2,4,0,0,7.85,18,5,12978.9,10736.84,2242.06,8.39,4,0,0.3037037037037037,0,Medio
43,Empresa,Fibra óptica,Fibra 500 Mbps,500,250,1452,44,2,0,0,0,0.0,18,2,30056.4,29808.38,248.02,2.74,2,0,0.0,0,Bajo
44,Persona natural,Fibra óptica,Fibra 500 Mbps,500,250,1464,21,2,1,0,0,0.0,18,3,30304.8,29981.16,323.64,2.54,2,0,0.0,0,Bajo
45,Persona natural,Fibra óptica,Fibra 100 Mbps,100,50,794,6,2,5,1,2,13.19,6,1,5478.6,4464.04,1014.56,28.76,10,0,0.0,0,Bajo
46,Persona natural,Fibra óptica,Fibra 500 Mbps,500,250,1514,16,2,8,2,4,10.52,16,4,27857.6,19276.03,8581.57,21.26,7,0,0.45,0,Medio
47,Persona natural,Inalámbrico,Inalámbrico 50 Mbps,50,20,644,57,2,1,0,0,2.89,18,2,13330.8,12715.51,615.29,0.69,1,0,0.0,0,Bajo
48,Empresa,Enlace dedicado,Dedicado 100 Mbps,100,100,3513,51,3,1,0,0,2.5,18,1,72719.1,71671.25,1047.85,4.64,3,0,0.0,0,Bajo
49,Persona natural,Fibra óptica,Fibra 200 Mbps,200,100,966,23,2,4,0,0,2.91,18,4,19996.2,17184.71,2811.49,9.22,2,1,0.11382113821138211,0,Bajo
50,Persona natural,Cable,Cable 100 Mbps,100,20,735,6,2,6,1,2,7.53,6,0,5071.5,2917.78,2153.72,1.28,8,1,1.0,1,Alto
51,Persona natural,Inalámbrico,Inalámbrico 20 Mbps,20,10,452,39,2,5,1,0,5.17,18,5,9356.4,8305.1,1051.3,14.55,2,1,0.14,0,Bajo
52,Persona natural,Fibra óptica,Fibra 200 Mbps,200,100,1046,9,2,7,3,2,13.75,9,0,10826.1,8374.44,2451.66,0.8,4,1,0.11382113821138211,0,Bajo
53,Persona natural,Cable,Cable 100 Mbps,100,20,756,25,2,5,0,2,4.56,18,3,15649.2,13606.99,2042.21,12.79,3,1,0.3037037037037037,0,Medio
54,Persona natural,Inalámbrico,Inalámbrico 50 Mbps,50,20,691,24,2,4,3,0,13.66,18,4,14303.7,10567.81,3735.89,19.41,9,1,0.6764705882352942,1,Alto
55,Persona natural,Fibra óptica,Fibra 200 Mbps,200,100,1007,42,2,3,1,0,7.63,18,2,20844.9,19575.95,1268.95,14.46,4,0,0.0,0,Bajo
56,Persona natural,Fibra óptica,Fibra 500 Mbps,500,250,1505,59,2,1,0,0,2.62,18,2,31153.5,30964.09,189.41,2.39,2,0,0.0,0,Bajo
57,Persona natural,Inalámbrico,Inalámbrico 50 Mbps,50,20,610,59,2,2,0,0,2.67,18,1,12627.0,12307.48,319.52,4.69,1,0,0.0,0,Bajo
58,Persona natural,Fibra óptica,Fibra 200 Mbps,200,100,1042,47,2,2,0,0,2.42,18,0,21569.4,20503.26,1066.14,1.31,2,0,0.0,0,Bajo
59,Persona natural,Cable,Cable 50 Mbps,50,10,636,50,2,2,0,0,2.21,18,0,13165.2,13110.73,54.47,0.22,2,0,0.0,0,Bajo
60,Persona natural,Fibra óptica,Fibra 200 Mbps,200,100,990,51,2,1,0,0,2.08,18,4,20493.0,20478.8,14.2,2.36,1,0,0.0,0,Bajo
61,Persona natural,Inalámbrico,Inalámbrico 20 Mbps,20,10,531,44,2,1,0,0,2.71,18,2,10991.7,10632.36,359.34,1.38,2,0,0.0,0,Bajo
62,Persona natural,Cable,Cable 50 Mbps,50,10,627,19,2,0,0,0,0.0,18,1,12978.9,12483.69,495.21,4.38,1,0,0.0,0,Bajo
63,Persona natural,Cable,Cable 100 Mbps,100,20,774,29,2,2,0,0,0.9,18,0,16021.8,15383.6,638.2,1.29,2,0,0.0,0,Bajo
64,Persona natural,Fibra óptica,Fibra 200 Mbps,200,100,955,35,2,1,0,0,2.72,18,0,19768.5,19059.86,708.64,0.93,1,0,0.0,0,Bajo
65,Empresa,Inalámbrico,Inalámbrico 50 Mbps,50,20,691,48,2,1,0,0,1.71,18,1,14303.7,14112.58,191.12,1.76,3,0,0.0,0,Bajo
66,Empresa,Fibra óptica,Fibra 100 Mbps,100,50,816,20,2,0,0,0,0.0,18,5,16891.2,15188.22,1702.98,3.49,3,1,0.3037037037037037,0,Medio
67,Empresa,Fibra óptica,Fibra 200 Mbps,200,100,973,57,2,2,0,0,2.55,18,2,20141.1,19703.89,437.21,4.29,1,0,0.0,0,Bajo
68,Persona natural,Inalámbrico,Inalámbrico 50 Mbps,50,20,687,54,2,1,0,0,2.31,18,1,14220.9,14212.71,8.19,3.62,2,0,0.0,0,Bajo
69,Persona natural,Inalámbrico,Inalámbrico 50 Mbps,50,20,608,39,2,2,0,0,1.67,18,0,12585.6,11641.23,944.37,0.62,2,1,1.0,1,Alto
70,Persona natural,Cable,Cable 50 Mbps,50,10,620,53,2,2,0,1,1.58,18,1,12834.0,12694.54,139.46,1.81,1,0,0.0,0,Bajo
71,Persona natural,Cable,Cable 50 Mbps,50,10,562,16,2,3,0,0,7.63,16,1,10340.8,8765.39,1575.41,12.43,4,0,0.3037037037037037,0,Medio
72,Empresa,Enlace dedicado,Dedicado 100 Mbps,100,100,3543,47,3,2,0,0,2.63,18,0,73340.1,72956.9,383.2,1.07,1,0,0.0,0,Bajo
73,Persona natural,Fibra óptica,Fibra 500 Mbps,500,250,1470,10,2,5,1,2,3.55,10,1,16905.0,16169.52,735.48,4.03,6,0,0.0,0,Bajo
74,Persona natural,Inalámbrico,Inalámbrico 50 Mbps,50,20,625,51,2,1,0,0,2.39,18,0,12937.5,12309.51,627.99,1.23,2,0,0.0,0,Bajo
75,Persona natural,Fibra óptica,Fibra 200 Mbps,200,100,984,22,2,2,0,0,1.21,18,0,20368.8,19469.47,899.33,0.75,2,0,0.0,0,Bajo
76,Persona natural,Cable,Cable 50 Mbps,50,10,572,39,2,5,0,1,2.38,18,3,11840.4,11027.36,813.04,8.94,4,0,0.0,0,Bajo
77,Persona natural,Fibra óptica,Fibra 500 Mbps,500,250,1518,20,2,2,0,0,1.74,18,0,31422.6,30176.6,1246.0,0.12,3,0,0.0,0,Bajo
78,Persona natural,Inalámbrico,Inalámbrico 20 Mbps,20,10,486,26,2,5,1,1,7.25,18,2,10060.2,8523.99,1536.21,14.24,5,0,0.3037037037037037,0,Medio
79,Persona natural,Inalámbrico,Inalámbrico 50 Mbps,50,20,692,23,2,2,0,0,2.33,18,2,14324.4,13935.15,389.25,4.96,1,0,0.0,0,Bajo
80,Empresa,Enlace dedicado,Dedicado 300 Mbps,300,300,5961,24,3,6,2,2,16.33,18,9,123392.7,79111.85,44280.85,25.02,7,0,0.45,0,Medio
81,Persona natural,Cable,Cable 100 Mbps,100,20,771,4,2,8,3,3,18.45,4,2,3546.6,2276.74,1269.86,14.09,5,0,0.14,0,Bajo
82,Persona natural,Inalámbrico,Inalámbrico 50 Mbps,50,20,687,9,2,3,0,0,4.07,9,2,7110.45,6070.9,1039.55,7.64,2,0,0.14,0,Bajo
83,Persona natural,Cable,Cable 50 Mbps,50,10,647,12,2,1,0,1,3.51,12,3,8928.6,8621.75,306.85,4.86,2,0,0.0,0,Bajo
84,Persona natural,Inalámbrico,Inalámbrico 20 Mbps,20,10,457,27,2,4,0,2,6.26,18,5,9459.9,8410.37,1049.53,6.16,4,0,0.14,0,Bajo
85,Persona natural,Fibra óptica,Fibra 100 Mbps,100,50,812,18,2,3,0,1,7.06,18,5,16808.4,13787.9,3020.5,11.08,3,0,0.3037037037037037,0,Medio
86,Persona natural,Cable,Cable 50 Mbps,50,10,557,37,2,3,1,1,3.4,18,3,11529.9,9961.45,1568.45,11.86,6,0,0.3037037037037037,0,Medio
87,Persona natural,Fibra óptica,Fibra 100 Mbps,100,50,767,12,2,4,1,0,10.59,12,6,10584.6,8132.59,2452.01,13.98,9,1,0.6764705882352942,1,Alto
88,Persona natural,Fibra óptica,Fibra 200 Mbps,200,100,962,18,2,4,1,1,5.16,18,5,19913.4,18463.17,1450.23,6.0,5,0,0.11382113821138211,0,Bajo
89,Persona natural,Inalámbrico,Inalámbrico 50 Mbps,50,20,698,32,2,1,0,0,0.0,18,3,14448.6,14319.78,128.82,1.97,1,0,0.0,0,Bajo
90,Persona natural,Fibra óptica,Fibra 500 Mbps,500,250,1506,27,2,0,0,0,0.0,18,1,31174.2,31038.09,136.11,2.51,3,0,0.0,0,Bajo
91,Persona natural,Inalámbrico,Inalámbrico 50 Mbps,50,20,698,35,2,0,0,0,0.0,18,2,14448.6,14308.6,140.0,3.49,2,0,0.0,0,Bajo
92,Persona natural,Cable,Cable 100 Mbps,100,20,723,19,2,8,2,5,17.1,18,8,14966.1,12534.9,2431.2,29.13,6,0,0.4722222222222222,0,Medio
93,Persona natural,Cable,Cable 100 Mbps,100,20,799,15,2,5,3,3,15.93,15,6,13782.75,11930.29,1852.46,9.95,9,0,0.3,0,Medio
94,Persona natural,Fibra óptica,Fibra 500 Mbps,500,250,1475,11,2,9,1,2,10.27,11,5,18658.75,11097.28,7561.47,24.1,7,1,1.0,1,Alto
95,Persona natural,Cable,Cable 100 Mbps,100,20,760,19,2,1,0,0,2.76,18,2,15732.0,14321.82,1410.18,3.19,1,1,0.3037037037037037,0,Medio
96,Persona natural,Cable,Cable 50 Mbps,50,10,611,60,2,1,0,0,1.21,18,1,12647.7,12563.53,84.17,2.37,2,0,0.0,0,Bajo
97,Empresa,Cable,Cable 100 Mbps,100,20,772,51,2,2,0,0,1.06,18,1,15980.4,15547.46,432.94,4.37,2,0,0.0,0,Bajo
98,Persona natural,Cable,Cable 50 Mbps,50,10,568,17,2,5,0,1,4.41,17,2,11104.4,9470.51,1633.89,13.11,5,0,0.3037037037037037,0,Medio
99,Persona natural,Fibra óptica,Fibra 500 Mbps,500,250,1544,18,2,6,2,1,12.27,18,8,31960.8,24019.75,7941.05,21.98,8,0,0.45,0,Medio
100,Persona natural,Inalámbrico,Inalámbrico 50 Mbps,50,20,659,30,2,3,0,0,2.63,18,4,13641.3,11621.41,2019.89,14.6,2,0,0.3037037037037037,0,Medio
101,Persona natural,Fibra óptica,Fibra 500 Mbps,500,250,1476,47,2,1,0,0,1.67,18,0,30553.2,26362.12,4191.08,1.62,1,1,0.11382113821138211,0,Bajo
102,Persona natural,Cable,Cable 50 Mbps,50,10,586,34,2,1,0,0,2.08,18,0,12130.2,12069.3,60.9,1.31,3,0,0.0,0,Bajo
103,Persona natural,Fibra óptica,Fibra 500 Mbps,500,250,1496,12,2,8,2,3,6.8,12,6,20644.8,13875.41,6769.39,11.89,9,1,1.0,1,Alto
104,Persona natural,Cable,Cable 100 Mbps,100,20,796,28,2,1,0,0,1.08,18,2,16477.2,15790.94,686.26,4.12,2,0,0.0,0,Bajo
105,Persona natural,Fibra óptica,Fibra 500 Mbps,500,250,1504,16,2,3,1,0,8.43,16,4,27673.6,21311.29,6362.31,8.33,5,1,0.4074074074074074,0,Medio
106,Persona natural,Inalámbrico,Inalámbrico 20 Mbps,20,10,529,8,2,3,1,0,6.24,8,0,4866.8,4581.39,285.41,1.95,3,0,0.0,0,Bajo
107,Persona natural,Fibra óptica,Fibra 200 Mbps,200,100,1037,48,2,0,0,0,1.0,18,1,21465.9,20494.57,971.33,3.79,1,0,0.0,0,Bajo
108,Persona natural,Cable,Cable 50 Mbps,50,10,628,35,2,2,0,0,1.2,18,0,12999.6,12746.99,252.61,1.73,2,0,0.0,0,Bajo
109,Persona natural,Cable,Cable 50 Mbps,50,10,563,17,2,7,1,2,8.36,17,2,11006.65,7150.15,3856.5,24.53,9,0,0.3,0,Medio
110,Persona natural,Cable,Cable 100 Mbps,100,20,781,42,2,1,0,0,1.78,18,1,16166.7,15402.24,764.46,1.11,3,0,0.0,0,Bajo
111,Persona natural,Inalámbrico,Inalámbrico 20 Mbps,20,10,495,36,2,1,0,0,3.55,18,4,10246.5,9516.08,730.42,3.56,4,0,0.0,0,Bajo
112,Empresa,Cable,Cable 100 Mbps,100,20,763,26,2,1,1,0,2.02,18,0,15794.1,15362.01,432.09,0.27,2,0,0.2,0,Bajo
113,Persona natural,Inalámbrico,Inalámbrico 20 Mbps,20,10,519,28,2,5,0,0,8.87,18,4,10743.3,9964.75,778.55,4.93,3,0,0.0,0,Bajo
114,Persona natural,Fibra óptica,Fibra 500 Mbps,500,250,1475,21,2,4,2,1,17.97,18,6,30532.5,24124.84,6407.66,23.61,9,0,0.45,0,Medio
115,Persona natural,Inalámbrico,Inalámbrico 20 Mbps,20,10,473,26,2,4,0,1,2.84,18,4,9791.1,8199.0,1592.1,5.21,2,0,0.3037037037037037,0,Medio
116,Persona natural,Fibra óptica,Fibra 100 Mbps,100,50,793,32,2,0,0,0,0.0,18,1,16415.1,15911.05,504.05,2.7,3,0,0.0,0,Bajo
117,Persona natural,Inalámbrico,Inalámbrico 50 Mbps,50,20,664,18,2,7,1,4,13.0,18,5,13744.8,9582.57,4162.23,13.01,9,1,0.6764705882352942,1,Alto
118,Persona natural,Fibra óptica,Fibra 100 Mbps,100,50,798,15,2,5,0,0,2.51,15,3,13765.5,11303.5,2462.0,12.54,6,1,0.3037037037037037,0,Medio
119,Persona natural,Cable,Cable 100 Mbps,100,20,717,7,2,4,1,1,8.15,7,3,5771.85,3799.6,1972.25,11.99,9,0,0.3,0,Medio
120,Empresa,Cable,Cable 50 Mbps,50,10,631,21,2,4,2,2,19.27,18,8,13061.7,10614.35,2447.35,24.13,6,1,0.4722222222222222,0,Medio
121,Persona natural,Cable,Cable 100 Mbps,100,20,712,29,2,2,0,0,2.69,18,1,14738.4,14658.4,80.0,2.95,1,0,0.0,0,Bajo
122,Persona natural,Fibra óptica,Fibra 500 Mbps,500,250,1513,8,2,2,0,1,3.11,8,1,13919.6,12009.89,1909.71,3.51,6,0,0.11382113821138211,0,Bajo
123,Persona natural,Cable,Cable 50 Mbps,50,10,554,20,2,2,0,0,1.95,18,0,11467.8,10989.37,478.43,0.15,2,0,0.0,0,Bajo
124,Persona natural,Inalámbrico,Inalámbrico 20 Mbps,20,10,464,60,2,0,0,0,0.0,18,4,9604.8,9395.23,209.57,0.09,2,0,0.0,0,Bajo
125,Persona natural,Cable,Cable 50 Mbps,50,10,626,48,2,1,0,0,2.12,18,0,12958.2,12335.58,622.62,1.57,3,0,0.0,0,Bajo
126,Persona natural,Cable,Cable 100 Mbps,100,20,768,8,2,4,1,1,7.62,8,0,7065.6,5753.16,1312.44,1.2,5,0,0.3037037037037037,0,Medio
127,Persona natural,Fibra óptica,Fibra 100 Mbps,100,50,822,51,2,0,0,0,0.0,18,0,17015.4,15504.83,1510.57,0.69,3,1,0.3037037037037037,0,Medio
128,Persona natural,Inalámbrico,Inalámbrico 20 Mbps,20,10,478,18,2,9,1,2,17.07,18,6,9894.6,7828.14,2066.46,8.74,10,1,0.6764705882352942,1,Alto
129,Persona natural,Fibra óptica,Fibra 100 Mbps,100,50,795,33,2,2,1,0,2.99,18,1,16456.5,15721.28,735.22,0.36,2,0,0.0,0,Bajo
130,Empresa,Inalámbrico,Inalámbrico 50 Mbps,50,20,672,12,2,9,2,1,6.74,12,5,9273.6,5877.42,3396.18,11.93,4,1,0.9333333333333333,1,Alto
131,Persona natural,Inalámbrico,Inalámbrico 20 Mbps,20,10,536,20,2,4,0,0,7.84,18,4,11095.2,9626.63,1468.57,12.0,6,0,0.3037037037037037,0,Medio
132,Empresa,Enlace dedicado,Dedicado 300 Mbps,300,300,6000,29,3,1,0,0,1.81,18,0,124200.0,114381.09,9818.91,1.63,3,1,0.4074074074074074,0,Medio
133,Empresa,Enlace dedicado,Dedicado 100 Mbps,100,100,3510,8,3,2,1,0,7.95,8,3,32292.0,27229.56,5062.44,13.07,6,0,0.11382113821138211,0,Bajo
134,Persona natural,Cable,Cable 100 Mbps,100,20,731,40,2,0,0,0,0.0,18,0,15131.7,14630.38,501.32,1.26,2,0,0.0,0,Bajo
135,Persona natural,Fibra óptica,Fibra 200 Mbps,200,100,989,38,2,2,0,0,2.22,18,1,20472.3,20237.82,234.48,2.62,2,0,0.0,0,Bajo
136,Persona natural,Cable,Cable 50 Mbps,50,10,588,22,2,2,1,1,5.69,18,1,12171.6,9630.68,2540.92,12.66,3,1,0.3037037037037037,0,Medio
137,Persona natural,Fibra óptica,Fibra 100 Mbps,100,50,815,26,2,1,0,0,2.31,18,2,16870.5,16794.54,75.96,4.04,2,0,0.0,0,Bajo
138,Persona natural,Cable,Cable 50 Mbps,50,10,573,12,2,2,0,0,6.32,12,6,7907.4,6617.88,1289.52,8.04,4,0,0.14,0,Bajo
139,Persona natural,Fibra óptica,Fibra 100 Mbps,100,50,791,23,2,0,0,0,0.0,18,1,16373.7,15873.58,500.12,4.81,1,0,0.0,0,Bajo
140,Persona natural,Cable,Cable 100 Mbps,100,20,765,15,2,3,1,0,8.05,15,2,13196.25,12095.82,1100.43,7.06,3,0,0.14,0,Bajo
141,Persona natural,Fibra óptica,Fibra 200 Mbps,200,100,1038,52,2,0,0,0,0.0,18,2,21486.6,20915.48,571.12,4.34,1,0,0.0,0,Bajo
142,Persona natural,Cable,Cable 50 Mbps,50,10,586,34,2,1,0,1,2.2,18,2,12130.2,12092.47,37.73,0.89,2,0,0.0,0,Bajo
143,Persona natural,Inalámbrico,Inalámbrico 50 Mbps,50,20,648,60,2,1,0,0,1.36,18,2,13413.6,12795.19,618.41,1.08,2,0,0.0,0,Bajo
144,Persona natural,Fibra óptica,Fibra 200 Mbps,200,100,1016,60,2,0,0,0,0.0,18,0,21031.2,21022.22,8.98,0.65,3,0,0.0,0,Bajo
145,Persona natural,Cable,Cable 100 Mbps,100,20,729,54,2,2,0,0,2.84,18,4,15090.3,14767.07,323.23,0.47,2,0,0.0,0,Bajo
146,Empresa,Enlace dedicado,Dedicado 300 Mbps,300,300,5988,23,3,2,0,0,2.42,18,1,123951.6,122387.82,1563.78,4.25,3,0,0.11382113821138211,0,Bajo
147,Persona natural,Cable,Cable 100 Mbps,100,20,704,28,2,5,0,0,8.8,18,3,14572.8,14128.38,444.42,9.29,6,0,0.0,0,Bajo
148,Persona natural,Cable,Cable 100 Mbps,100,20,710,25,2,2,0,0,1.22,18,3,14697.0,14564.83,132.17,0.07,2,0,0.0,0,Bajo
149,Persona natural,Fibra óptica,Fibra 200 Mbps,200,100,1043,42,2,2,0,0,5.84,18,6,21590.1,17342.1,4248.0,13.41,6,0,0.11382113821138211,0,Bajo
150,Empresa,Enlace dedicado,Dedicado 300 Mbps,300,300,6012,56,3,2,0,0,2.93,18,2,124448.4,121679.05,2769.35,1.4,3,0,0.11382113821138211,0,Bajo
151,Persona natural,Cable,Cable 50 Mbps,50,10,615,22,2,4,0,0,5.14,18,4,12730.5,11058.26,1672.24,12.19,3,1,0.3037037037037037,0,Medio
152,Persona natural,Inalámbrico,Inalámbrico 50 Mbps,50,20,680,35,2,0,0,0,0.0,18,1,14076.0,13508.22,567.78,0.06,1,0,0.0,0,Bajo
153,Persona natural,Inalámbrico,Inalámbrico 20 Mbps,20,10,474,10,2,4,1,0,9.87,10,1,5451.0,4422.04,1028.96,8.85,7,0,0.14,0,Bajo
154,Empresa,Enlace dedicado,Dedicado 300 Mbps,300,300,6044,5,3,8,2,3,11.34,5,1,34753.0,26071.61,8681.39,11.95,8,0,0.45,0,Medio
155,Persona natural,Fibra óptica,Fibra 500 Mbps,500,250,1506,9,2,2,1,0,3.41,9,3,15587.1,13083.13,2503.97,14.7,5,1,1.0,1,Alto
156,Persona natural,Fibra óptica,Fibra 200 Mbps,200,100,991,17,2,2,0,0,4.94,17,3,19374.05,17479.4,1894.65,3.08,4,0,0.11382113821138211,0,Bajo
157,Persona natural,Fibra óptica,Fibra 200 Mbps,200,100,955,19,2,2,0,1,7.98,18,4,19768.5,16042.2,3726.3,8.13,6,0,0.11382113821138211,0,Bajo
158,Persona natural,Fibra óptica,Fibra 500 Mbps,500,250,1491,51,2,1,0,0,2.15,18,0,30863.7,30684.17,179.53,0.47,1,0,0.0,0,Bajo
159,Persona natural,Inalámbrico,Inalámbrico 50 Mbps,50,20,614,31,2,2,0,0,1.53,18,1,12709.8,12375.85,333.95,0.18,3,0,0.0,0,Bajo
160,Empresa,Cable,Cable 50 Mbps,50,10,649,34,2,1,1,0,6.75,18,1,13434.3,10819.67,2614.63,7.97,6,0,0.3037037037037037,0,Medio
161,Empresa,Enlace dedicado,Dedicado 300 Mbps,300,300,5972,15,3,2,0,0,2.17,15,3,103017.0,84442.22,18574.78,6.73,5,0,0.4074074074074074,0,Medio
162,Persona natural,Inalámbrico,Inalámbrico 50 Mbps,50,20,683,13,2,4,3,2,9.3,13,9,10210.85,6519.22,3691.63,21.49,8,1,0.6764705882352942,1,Alto
163,Persona natural,Inalámbrico,Inalámbrico 20 Mbps,20,10,455,24,2,1,0,0,1.19,18,0,9418.5,9308.54,109.96,0.94,3,0,0.0,0,Bajo
164,Persona natural,Fibra óptica,Fibra 500 Mbps,500,250,1499,9,2,9,3,5,10.23,9,2,15514.65,11138.06,4376.59,29.43,8,1,1.0,1,Alto
165,Persona natural,Inalámbrico,Inalámbrico 50 Mbps,50,20,654,22,2,6,3,1,6.71,18,7,13537.8,7819.12,5718.68,16.58,8,1,0.6764705882352942,1,Alto
166,Persona natural,Cable,Cable 100 Mbps,100,20,785,27,2,4,1,0,7.93,18,5,16249.5,14431.92,1817.58,8.01,4,1,0.3037037037037037,0,Medio
167,Persona natural,Inalámbrico,Inalámbrico 20 Mbps,20,10,451,27,2,2,0,0,2.94,18,0,9335.7,9123.86,211.84,0.73,1,0,0.0,0,Bajo
168,Persona natural,Cable,Cable 50 Mbps,50,10,637,13,2,2,1,1,8.23,13,1,9523.15,7634.27,1888.88,14.73,2,1,1.0,1,Alto
169,Persona natural,Fibra óptica,Fibra 500 Mbps,500,250,1542,24,2,1,1,0,6.01,18,6,31919.4,28166.83,3752.57,12.59,4,0,0.11382113821138211,0,Bajo
170,Persona natural,Inalámbrico,Inalámbrico 50 Mbps,50,20,618,49,2,1,0,0,1.77,18,2,12792.6,12662.95,129.65,1.91,3,0,0.0,0,Bajo
171,Persona natural,Cable,Cable 100 Mbps,100,20,780,15,2,7,3,3,16.6,15,6,13455.0,7223.38,6231.62,9.25,9,1,1.0,1,Alto
172,Persona natural,Fibra óptica,Fibra 100 Mbps,100,50,839,25,2,0,0,0,0.0,18,0,17367.3,17173.75,193.55,0.77,3,0,0.0,0,Bajo
173,Persona natural,Cable,Cable 50 Mbps,50,10,557,19,2,5,3,1,14.21,18,5,11529.9,8426.25,3103.65,26.57,4,0,0.4722222222222222,0,Medio
174,Persona natural,Inalámbrico,Inalámbrico 20 Mbps,20,10,548,38,2,1,1,0,4.12,18,6,11343.6,10492.89,850.71,4.68,2,0,0.0,0,Bajo
175,Persona natural,Fibra óptica,Fibra 100 Mbps,100,50,818,27,2,4,1,1,7.05,18,7,16932.6,12982.03,3950.57,8.47,5,1,0.9333333333333333,1,Alto
176,Persona natural,Cable,Cable 50 Mbps,50,10,625,23,2,5,1,0,9.86,18,6,12937.5,6994.03,5943.47,8.14,9,1,1.0,1,Alto
177,Empresa,Inalámbrico,Inalámbrico 50 Mbps,50,20,697,38,2,2,0,1,5.15,18,5,14427.9,13159.48,1268.42,6.32,3,0,0.14,0,Bajo
178,Empresa,Fibra óptica,Fibra 200 Mbps,200,100,969,10,2,1,1,0,5.04,10,5,11143.5,9757.47,1386.03,9.96,4,0,0.11382113821138211,0,Bajo
179,Persona natural,Fibra óptica,Fibra 100 Mbps,100,50,790,11,2,4,1,1,12.06,11,8,9993.5,7204.89,2788.61,10.44,7,1,0.6764705882352942,1,Alto
180,Persona natural,Fibra óptica,Fibra 500 Mbps,500,250,1526,18,2,5,0,0,8.04,18,4,31588.2,27844.23,3743.97,12.58,3,0,0.11382113821138211,0,Bajo
181,Persona natural,Fibra óptica,Fibra 100 Mbps,100,50,837,44,2,0,0,0,0.0,18,2,17325.9,16793.02,532.88,3.45,1,0,0.0,0,Bajo
182,Persona natural,Cable,Cable 100 Mbps,100,20,768,21,2,1,1,0,2.38,18,4,15897.6,13327.34,2570.26,7.23,4,0,0.3037037037037037,0,Medio
183,Persona natural,Fibra óptica,Fibra 500 Mbps,500,250,1506,49,2,3,0,0,2.36,18,0,31174.2,29933.87,1240.33,1.9,3,0,0.0,0,Bajo
184,Persona natural,Fibra óptica,Fibra 500 Mbps,500,250,1502,36,2,1,1,0,2.15,18,0,31091.4,25657.17,5434.23,0.57,3,0,0.11382113821138211,0,Bajo
185,Persona natural,Fibra óptica,Fibra 200 Mbps,200,100,971,60,2,0,0,0,0.0,18,2,20099.7,19416.53,683.17,0.02,1,0,0.0,0,Bajo
186,Persona natural,Cable,Cable 50 Mbps,50,10,586,54,2,2,0,0,2.8,18,2,12130.2,11934.34,195.86,4.79,2,0,0.0,0,Bajo
187,Persona natural,Cable,Cable 100 Mbps,100,20,706,31,2,4,0,1,4.41,18,3,14614.2,11855.62,2758.58,14.52,4,0,0.3037037037037037,0,Medio
188,Empresa,Cable,Cable 100 Mbps,100,20,758,54,2,0,0,0,0.0,18,3,15690.6,15445.7,244.9,1.22,1,0,0.0,0,Bajo
189,Persona natural,Inalámbrico,Inalámbrico 20 Mbps,20,10,495,22,2,7,3,1,5.26,18,9,10246.5,7929.31,2317.19,23.07,6,1,0.4722222222222222,0,Medio
190,Persona natural,Cable,Cable 100 Mbps,100,20,744,17,2,1,0,0,4.61,17,3,14545.2,11679.13,2866.07,7.18,5,0,0.3037037037037037,0,Medio
191,Empresa,Fibra óptica,Fibra 500 Mbps,500,250,1471,37,2,0,0,0,0.0,18,2,30449.7,29312.42,1137.28,0.33,3,0,0.0,0,Bajo
192,Empresa,Enlace dedicado,Dedicado 100 Mbps,100,100,3473,30,3,1,0,1,7.22,18,5,71891.1,66162.71,5728.39,7.4,4,0,0.11382113821138211,0,Bajo
193,Persona natural,Fibra óptica,Fibra 500 Mbps,500,250,1497,17,2,5,3,4,7.04,17,4,29266.35,19881.73,9384.62,22.83,10,1,1.0,1,Alto
194,Persona natural,Fibra óptica,Fibra 100 Mbps,100,50,767,33,2,4,0,0,3.39,18,2,15876.9,13378.15,2498.75,8.97,3,0,0.3037037037037037,0,Medio
195,Persona natural,Fibra óptica,Fibra 100 Mbps,100,50,812,19,2,0,0,0,0.0,18,1,16808.4,16068.1,740.3,2.25,2,0,0.0,0,Bajo
196,Persona natural,Inalámbrico,Inalámbrico 20 Mbps,20,10,548,37,2,3,0,0,1.49,18,2,11343.6,10974.3,369.3,3.71,2,0,0.0,0,Bajo
197,Empresa,Fibra óptica,Fibra 100 Mbps,100,50,833,33,2,0,0,0,0.0,18,2,17243.1,17077.85,165.25,0.5,1,0,0.0,0,Bajo
198,Persona natural,Fibra óptica,Fibra 500 Mbps,500,250,1470,27,2,3,1,0,2.53,18,1,30429.0,26194.89,4234.11,7.97,6,1,0.11382113821138211,0,Bajo
199,Persona natural,Fibra óptica,Fibra 100 Mbps,100,50,829,41,2,2,1,0,7.2,18,1,17160.3,14506.96,2653.34,6.44,5,0,0.3037037037037037,0,Medio
200,Persona natural,Fibra óptica,Fibra 200 Mbps,200,100,973,19,2,0,0,0,0.0,18,2,20141.1,20040.97,100.13,2.04,2,0,0.0,0,Bajo
201,Empresa,Fibra óptica,Fibra 200 Mbps,200,100,979,25,2,2,0,0,1.95,18,0,20265.3,19748.9,516.4,0.75,3,0,0.0,0,Bajo
202,Persona natural,Fibra óptica,Fibra 500 Mbps,500,250,1549,27,2,1,0,0,1.48,18,0,32064.3,32029.02,35.28,0.51,3,0,0.0,0,Bajo
203,Persona natural,Fibra óptica,Fibra 200 Mbps,200,100,1005,58,2,1,0,0,1.69,18,1,20803.5,20430.46,373.04,0.92,1,0,0.0,0,Bajo
204,Persona natural,Fibra óptica,Fibra 500 Mbps,500,250,1489,54,2,0,0,0,0.0,18,0,30822.3,30737.16,85.14,1.77,1,0,0.0,0,Bajo
205,Persona natural,Inalámbrico,Inalámbrico 20 Mbps,20,10,478,6,2,7,1,3,7.55,6,1,3298.2,2542.03,756.17,26.96,8,1,1.0,1,Alto
206,Persona natural,Inalámbrico,Inalámbrico 50 Mbps,50,20,625,21,2,3,0,1,4.03,18,3,12937.5,10191.97,2745.53,11.05,4,1,0.3037037037037037,0,Medio
207,Persona natural,Cable,Cable 100 Mbps,100,20,778,16,2,6,2,4,12.39,16,8,14315.2,9933.36,4381.84,27.64,6,0,0.4722222222222222,0,Medio
208,Persona natural,Inalámbrico,Inalámbrico 50 Mbps,50,20,683,36,2,1,0,1,3.61,18,4,14138.1,12664.23,1473.87,10.96,2,0,0.3037037037037037,0,Medio
209,Persona natural,Fibra óptica,Fibra 200 Mbps,200,100,1002,22,2,0,0,0,0.0,18,2,20741.4,20690.48,50.92,1.62,2,0,0.0,0,Bajo
210,Persona natural,Fibra óptica,Fibra 200 Mbps,200,100,955,24,2,6,2,2,8.6,18,6,19768.5,17112.09,2656.41,18.48,10,0,0.45,0,Medio
211,Persona natural,Cable,Cable 100 Mbps,100,20,722,35,2,4,0,1,6.8,18,2,14945.4,13136.88,1808.52,11.64,3,0,0.3037037037037037,0,Medio
212,Persona natural,Fibra óptica,Fibra 100 Mbps,100,50,763,37,2,2,0,1,4.91,18,3,15794.1,13722.95,2071.15,10.89,4,0,0.3037037037037037,0,Medio
213,Persona natural,Cable,Cable 100 Mbps,100,20,745,43,2,1,0,0,1.22,18,2,15421.5,14997.04,424.46,1.21,1,0,0.0,0,Bajo
214,Persona natural,Fibra óptica,Fibra 100 Mbps,100,50,829,45,2,1,0,0,2.11,18,3,17160.3,16686.95,473.35,2.18,3,0,0.0,0,Bajo
215,Persona natural,Cable,Cable 100 Mbps,100,20,727,29,2,5,1,1,6.71,18,4,15048.9,12444.88,2604.02,12.94,4,0,0.3037037037037037,0,Medio
216,Persona natural,Fibra óptica,Fibra 200 Mbps,200,100,964,53,2,0,0,0,0.0,18,1,19954.8,19902.3,52.5,4.12,2,0,0.0,0,Bajo
217,Persona natural,Fibra óptica,Fibra 500 Mbps,500,250,1469,36,2,2,0,0,2.41,18,1,30408.3,30084.78,323.52,0.69,1,0,0.0,0,Bajo
218,Empresa,Inalámbrico,Inalámbrico 20 Mbps,20,10,495,4,2,7,1,2,11.51,4,1,2277.0,1797.65,479.35,23.69,7,0,0.0,0,Bajo
219,Persona natural,Inalámbrico,Inalámbrico 20 Mbps,20,10,538,53,2,1,0,0,1.56,18,0,11136.6,10869.58,267.02,1.08,2,0,0.0,0,Bajo
220,Persona natural,Inalámbrico,Inalámbrico 20 Mbps,20,10,469,19,2,0,0,0,0.0,18,2,9708.3,9497.43,210.87,4.47,3,0,0.0,0,Bajo
221,Persona natural,Fibra óptica,Fibra 500 Mbps,500,250,1534,16,2,4,0,1,5.18,16,2,28225.6,24929.47,3296.13,14.68,3,0,0.11382113821138211,0,Bajo
222,Persona natural,Fibra óptica,Fibra 200 Mbps,200,100,1039,50,2,2,0,0,1.84,18,2,21507.3,20736.78,770.52,0.92,3,0,0.0,0,Bajo
223,Persona natural,Cable,Cable 50 Mbps,50,10,622,37,2,2,0,0,1.63,18,1,12875.4,12338.25,537.15,0.12,3,0,0.0,0,Bajo
224,Persona natural,Inalámbrico,Inalámbrico 20 Mbps,20,10,520,23,2,0,0,0,0.0,18,1,10764.0,10490.31,273.69,4.67,3,0,0.0,0,Bajo
225,Persona natural,Cable,Cable 50 Mbps,50,10,581,23,2,0,0,0,0.0,18,2,12026.7,11569.46,457.24,2.99,1,0,0.0,0,Bajo
226,Empresa,Enlace dedicado,Dedicado 300 Mbps,300,300,6009,34,3,1,1,1,6.43,18,1,124386.3,99530.21,24856.09,8.58,2,0,0.4074074074074074,0,Medio
227,Persona natural,Cable,Cable 50 Mbps,50,10,583,23,2,6,3,1,16.09,18,5,12068.1,10073.31,1994.79,28.11,8,1,0.3,0,Medio
228,Persona natural,Fibra óptica,Fibra 100 Mbps,100,50,835,19,2,4,1,0,2.54,18,4,17284.5,14390.33,2894.17,12.8,2,0,0.3037037037037037,0,Medio
229,Empresa,Fibra óptica,Fibra 100 Mbps,100,50,784,49,2,2,0,0,1.23,18,2,16228.8,16222.27,6.53,3.46,3,0,0.0,0,Bajo
230,Persona natural,Cable,Cable 50 Mbps,50,10,631,11,2,3,1,1,5.63,11,4,7982.15,7386.41,595.74,14.74,5,0,0.0,0,Bajo
231,Persona natural,Fibra óptica,Fibra 500 Mbps,500,250,1457,58,2,2,0,0,2.58,18,0,30159.9,29994.15,165.75,1.39,3,0,0.0,0,Bajo
232,Persona natural,Cable,Cable 100 Mbps,100,20,779,17,2,4,1,1,6.44,17,4,15229.45,11558.06,3671.39,10.77,10,1,0.3,0,Medio
233,Persona natural,Fibra óptica,Fibra 200 Mbps,200,100,980,16,2,1,0,1,6.09,16,3,18032.0,15024.61,3007.39,5.4,6,0,0.11382113821138211,0,Bajo
234,Persona natural,Inalámbrico,Inalámbrico 20 Mbps,20,10,537,47,2,1,0,0,2.05,18,2,11115.9,10761.76,354.14,0.37,2,0,0.0,0,Bajo
235,Persona natural,Inalámbrico,Inalámbrico 50 Mbps,50,20,645,20,2,0,0,0,0.0,18,2,13351.5,13125.13,226.37,4.71,1,0,0.0,0,Bajo
236,Empresa,Enlace dedicado,Dedicado 100 Mbps,100,100,3466,10,3,5,3,1,5.69,10,5,39859.0,29227.13,10631.87,25.4,8,1,1.0,1,Alto
237,Empresa,Fibra óptica,Fibra 500 Mbps,500,250,1512,51,2,1,0,0,1.96,18,1,31298.4,30429.1,869.3,1.76,2,0,0.0,0,Bajo
238,Persona natural,Cable,Cable 50 Mbps,50,10,604,34,2,3,1,0,3.64,18,5,12502.8,12124.33,378.47,12.03,2,0,0.0,0,Bajo
239,Persona natural,Inalámbrico,Inalámbrico 50 Mbps,50,20,643,43,2,1,0,0,0.83,18,0,13310.1,13016.24,293.86,0.75,3,0,0.0,0,Bajo
240,Persona natural,Inalámbrico,Inalámbrico 50 Mbps,50,20,683,15,2,6,1,1,5.35,15,6,11781.75,8722.92,3058.83,11.77,10,1,0.6764705882352942,1,Alto
241,Persona natural,Fibra óptica,Fibra 100 Mbps,100,50,772,10,2,4,2,3,5.86,10,5,8878.0,7186.31,1691.69,25.99,8,1,0.6764705882352942,1,Alto
242,Persona natural,Fibra óptica,Fibra 200 Mbps,200,100,1013,37,2,3,0,3,4.79,18,1,20969.1,20022.17,946.93,5.2,3,0,0.0,0,Bajo
243,Persona natural,Inalámbrico,Inalámbrico 50 Mbps,50,20,619,12,2,9,3,2,6.15,12,7,8542.2,4816.01,3726.19,23.6,4,1,1.0,1,Alto
244,Persona natural,Fibra óptica,Fibra 100 Mbps,100,50,819,23,2,5,0,0,6.25,18,3,16953.3,14451.25,2502.05,3.63,3,0,0.3037037037037037,0,Medio
245,Persona natural,Fibra óptica,Fibra 200 Mbps,200,100,974,6,2,4,2,2,5.95,6,4,6720.6,5165.56,1555.04,12.17,4,0,0.11382113821138211,0,Bajo
246,Persona natural,Fibra óptica,Fibra 200 Mbps,200,100,962,15,2,6,1,4,9.18,15,5,16594.5,13493.81,3100.69,15.31,8,1,1.0,1,Alto
247,Empresa,Fibra óptica,Fibra 500 Mbps,500,250,1451,56,2,2,0,0,2.43,18,2,30035.7,29027.54,1008.16,1.39,3,0,0.0,0,Bajo
248,Empresa,Fibra óptica,Fibra 500 Mbps,500,250,1545,9,2,2,1,0,2.38,9,2,15990.75,12934.25,3056.5,14.9,3,0,0.4722222222222222,0,Medio
249,Persona natural,Inalámbrico,Inalámbrico 50 Mbps,50,20,625,33,2,2,0,0,1.49,18,0,12937.5,12783.5,154.0,0.85,3,0,0.0,0,Bajo
250,Persona natural,Cable,Cable 100 Mbps,100,20,792,29,2,1,0,0,1.42,18,2,16394.4,16330.14,64.26,1.92,3,0,0.0,0,Bajo
251,Persona natural,Inalámbrico,Inalámbrico 50 Mbps,50,20,691,40,2,2,0,0,1.61,18,2,14303.7,14049.38,254.32,4.58,1,0,0.0,0,Bajo
252,Persona natural,Fibra óptica,Fibra 200 Mbps,200,100,1003,9,2,7,2,0,18.86,9,4,10381.05,8458.55,1922.5,9.54,10,1,1.0,1,Alto
253,Persona natural,Fibra óptica,Fibra 200 Mbps,200,100,971,31,2,2,0,0,8.64,18,7,20099.7,18678.46,1421.24,3.11,5,0,0.11382113821138211,0,Bajo
254,Persona natural,Fibra óptica,Fibra 100 Mbps,100,50,761,21,2,5,0,0,7.3,18,3,15752.7,13350.56,2402.14,11.39,6,0,0.3037037037037037,0,Medio
255,Persona natural,Cable,Cable 50 Mbps,50,10,614,34,2,2,0,0,7.69,18,1,12709.8,12047.31,662.49,13.51,2,0,0.0,0,Bajo
256,Persona natural,Fibra óptica,Fibra 100 Mbps,100,50,787,53,2,1,0,0,1.05,18,1,16290.9,15877.08,413.82,3.98,3,0,0.0,0,Bajo
257,Empresa,Enlace dedicado,Dedicado 300 Mbps,300,300,5998,32,3,5,1,3,7.18,18,3,124158.6,110688.61,13469.99,8.53,3,0,0.4074074074074074,0,Medio
258,Persona natural,Cable,Cable 50 Mbps,50,10,567,23,2,6,1,2,15.33,18,6,11736.9,10508.24,1228.66,22.5,6,0,0.14,0,Bajo
259,Persona natural,Inalámbrico,Inalámbrico 20 Mbps,20,10,509,30,2,4,1,1,6.91,18,5,10536.3,9644.02,892.28,14.86,6,0,0.14,0,Bajo
260,Persona natural,Fibra óptica,Fibra 100 Mbps,100,50,761,40,2,1,0,0,2.96,18,0,15752.7,15315.66,437.04,0.02,3,0,0.0,0,Bajo
261,Empresa,Enlace dedicado,Dedicado 300 Mbps,300,300,5985,14,3,5,0,1,4.28,14,2,96358.5,73114.49,23244.01,5.16,6,1,0.4074074074074074,0,Medio
262,Persona natural,Fibra óptica,Fibra 200 Mbps,200,100,1032,28,2,0,0,0,0.0,18,1,21362.4,21358.98,3.42,3.03,3,0,0.0,0,Bajo
263,Persona natural,Fibra óptica,Fibra 100 Mbps,100,50,773,17,2,3,0,0,4.51,17,2,15112.15,13753.89,1358.26,9.14,3,0,0.3037037037037037,0,Medio
264,Persona natural,Cable,Cable 50 Mbps,50,10,552,56,2,0,0,0,0.0,18,0,11426.4,11191.49,234.91,1.61,1,0,0.0,0,Bajo
265,Persona natural,Fibra óptica,Fibra 500 Mbps,500,250,1526,14,2,1,0,0,7.26,14,5,24568.6,22684.71,1883.89,14.69,3,0,0.11382113821138211,0,Bajo
266,Persona natural,Fibra óptica,Fibra 200 Mbps,200,100,1005,30,2,4,1,0,7.7,18,6,20803.5,18403.34,2400.16,11.22,4,0,0.11382113821138211,0,Bajo
267,Persona natural,Fibra óptica,Fibra 200 Mbps,200,100,1044,18,2,2,0,0,1.56,18,2,21610.8,20895.44,715.36,3.4,3,0,0.0,0,Bajo
268,Persona natural,Cable,Cable 50 Mbps,50,10,586,12,2,5,1,2,14.64,12,6,8086.8,5897.23,2189.57,12.35,10,0,0.3,0,Medio
269,Empresa,Enlace dedicado,Dedicado 300 Mbps,300,300,5978,48,3,1,0,0,2.76,18,1,123744.6,119201.93,4542.67,2.11,3,0,0.11382113821138211,0,Bajo
270,Persona natural,Inalámbrico,Inalámbrico 50 Mbps,50,20,698,33,2,5,1,2,2.1,18,4,14448.6,12943.74,1504.86,11.77,3,1,0.3037037037037037,0,Medio
271,Persona natural,Fibra óptica,Fibra 200 Mbps,200,100,978,7,2,5,2,1,6.36,7,2,7872.9,4548.9,3324.0,16.0,4,1,1.0,1,Alto
272,Empresa,Enlace dedicado,Dedicado 100 Mbps,100,100,3456,60,3,2,0,0,1.42,18,1,71539.2,68428.98,3110.22,3.71,3,0,0.11382113821138211,0,Bajo
273,Persona natural,Fibra óptica,Fibra 200 Mbps,200,100,973,18,2,3,1,1,16.41,18,5,20141.1,16294.39,3846.71,10.84,8,0,0.45,0,Medio
274,Persona natural,Cable,Cable 50 Mbps,50,10,612,42,2,5,0,0,3.9,18,2,12668.4,9266.53,3401.87,3.62,3,1,0.9333333333333333,1,Alto
275,Persona natural,Inalámbrico,Inalámbrico 20 Mbps,20,10,493,58,2,2,0,0,2.88,18,2,10205.1,9826.16,378.94,3.13,3,0,0.0,0,Bajo
276,Persona natural,Fibra óptica,Fibra 200 Mbps,200,100,1023,58,2,1,0,0,2.4,18,0,21176.1,20543.47,632.63,1.45,2,0,0.0,0,Bajo
277,Persona natural,Cable,Cable 50 Mbps,50,10,551,25,2,0,0,0,0.0,18,1,11405.7,10974.46,431.24,2.72,3,0,0.0,0,Bajo
278,Persona natural,Cable,Cable 100 Mbps,100,20,736,24,2,2,0,0,0.8,18,0,15235.2,14053.92,1181.28,0.36,1,1,1.0,1,Alto
279,Persona natural,Inalámbrico,Inalámbrico 20 Mbps,20,10,536,27,2,5,1,1,7.68,18,5,11095.2,9783.96,1311.24,14.67,2,0,0.14,0,Bajo
280,Empresa,Cable,Cable 50 Mbps,50,10,602,53,2,1,0,0,1.98,18,3,12461.4,12021.95,439.45,0.72,1,0,0.0,0,Bajo
281,Persona natural,Inalámbrico,Inalámbrico 50 Mbps,50,20,627,5,2,9,1,4,12.15,5,4,3605.25,3043.24,562.01,11.29,8,0,0.0,0,Bajo
282,Persona natural,Fibra óptica,Fibra 500 Mbps,500,250,1509,34,2,3,1,0,3.09,18,3,31236.3,25286.39,5949.91,7.71,2,0,0.4074074074074074,0,Medio
283,Persona natural,Inalámbrico,Inalámbrico 20 Mbps,20,10,508,38,2,3,1,0,6.53,18,7,10515.6,9277.36,1238.24,3.58,3,0,0.14,0,Bajo
284,Persona natural,Cable,Cable 50 Mbps,50,10,613,10,2,6,2,1,6.52,10,4,7049.5,4719.44,2330.06,12.74,10,0,0.3,0,Medio
285,Empresa,Inalámbrico,Inalámbrico 20 Mbps,20,10,526,41,2,3,1,0,7.99,18,3,10888.2,8879.13,2009.07,9.92,5,1,0.3037037037037037,0,Medio
286,Persona natural,Cable,Cable 50 Mbps,50,10,581,36,2,2,0,0,4.54,18,2,12026.7,11365.47,661.23,6.49,4,0,0.0,0,Bajo
287,Persona natural,Cable,Cable 50 Mbps,50,10,634,23,2,1,0,0,2.78,18,1,13123.8,13115.8,8.0,3.87,2,0,0.0,0,Bajo
288,Empresa,Enlace dedicado,Dedicado 100 Mbps,100,100,3452,35,3,3,1,2,4.84,18,3,71456.4,64093.09,7363.31,12.88,4,0,0.4074074074074074,0,Medio
289,Persona natural,Cable,Cable 100 Mbps,100,20,777,27,2,1,0,0,2.42,18,2,16083.9,15839.78,244.12,3.87,3,0,0.0,0,Bajo
290,Persona natural,Inalámbrico,Inalámbrico 20 Mbps,20,10,522,18,2,1,0,1,2.77,18,0,10805.4,10607.72,197.68,1.4,3,0,0.0,0,Bajo
291,Persona natural,Inalámbrico,Inalámbrico 50 Mbps,50,20,612,23,2,2,1,0,1.03,18,1,12668.4,12504.44,163.96,0.04,3,0,0.0,0,Bajo
292,Empresa,Enlace dedicado,Dedicado 300 Mbps,300,300,6036,33,3,0,0,0,0.0,18,2,124945.2,115972.55,8972.65,1.59,2,1,0.4074074074074074,0,Medio
293,Persona natural,Fibra óptica,Fibra 100 Mbps,100,50,829,33,2,2,0,1,5.06,18,3,17160.3,13264.74,3895.56,4.73,6,1,0.9333333333333333,1,Alto
294,Persona natural,Fibra óptica,Fibra 200 Mbps,200,100,985,12,2,5,1,3,16.93,12,6,13593.0,6947.67,6645.33,29.86,7,1,1.0,1,Alto
295,Persona natural,Inalámbrico,Inalámbrico 20 Mbps,20,10,481,15,2,2,0,0,7.33,15,1,8297.25,7201.93,1095.32,5.32,3,0,0.14,0,Bajo
296,Persona natural,Cable,Cable 50 Mbps,50,10,562,22,2,8,2,4,6.61,18,10,11633.4,6349.57,5283.83,16.18,7,1,1.0,1,Alto
297,Persona natural,Fibra óptica,Fibra 500 Mbps,500,250,1476,47,2,2,0,0,2.04,18,2,30553.2,29717.24,835.96,3.01,2,0,0.0,0,Bajo
298,Persona natural,Inalámbrico,Inalámbrico 50 Mbps,50,20,672,18,2,0,0,0,1.69,18,2,13910.4,13474.94,435.46,3.09,3,0,0.0,0,Bajo
299,Empresa,Inalámbrico,Inalámbrico 20 Mbps,20,10,504,32,2,0,0,0,0.0,18,0,10432.8,9977.04,455.76,1.72,1,0,0.0,0,Bajo
300,Persona natural,Cable,Cable 50 Mbps,50,10,634,7,2,8,3,3,15.67,7,3,5103.7,2851.99,2251.71,26.01,6,1,1.0,1,Alto
301,Persona natural,Cable,Cable 100 Mbps,100,20,764,38,2,1,0,0,2.67,18,0,15814.8,15046.66,768.14,1.32,1,0,0.0,0,Bajo
302,Persona natural,Cable,Cable 50 Mbps,50,10,576,8,2,7,3,2,7.91,8,1,5299.2,3091.78,2207.42,13.86,5,1,0.3037037037037037,0,Medio
303,Persona natural,Inalámbrico,Inalámbrico 20 Mbps,20,10,500,43,2,2,0,0,2.73,18,1,10350.0,10177.17,172.83,2.14,2,0,0.0,0,Bajo
304,Persona natural,Fibra óptica,Fibra 100 Mbps,100,50,825,40,2,1,0,0,1.34,18,1,17077.5,15377.24,1700.26,3.32,1,1,0.3037037037037037,0,Medio
305,Persona natural,Cable,Cable 100 Mbps,100,20,792,9,2,2,1,0,2.99,9,2,8197.2,6872.76,1324.44,13.95,5,1,0.3037037037037037,0,Medio
306,Empresa,Enlace dedicado,Dedicado 300 Mbps,300,300,6000,55,3,1,0,0,1.22,18,0,124200.0,118086.83,6113.17,0.08,3,0,0.4074074074074074,0,Medio
307,Persona natural,Cable,Cable 50 Mbps,50,10,594,60,2,0,0,0,0.0,18,0,12295.8,12275.45,20.35,0.2,1,0,0.0,0,Bajo
308,Persona natural,Inalámbrico,Inalámbrico 20 Mbps,20,10,490,55,2,0,0,0,0.0,18,1,10143.0,10123.45,19.55,0.92,3,0,0.0,0,Bajo
309,Persona natural,Fibra óptica,Fibra 500 Mbps,500,250,1549,33,2,2,0,0,2.0,18,1,32064.3,31398.35,665.95,2.55,3,0,0.0,0,Bajo
310,Persona natural,Cable,Cable 50 Mbps,50,10,566,22,2,2,1,0,8.56,18,5,11716.2,10247.6,1468.6,10.9,5,0,0.3037037037037037,0,Medio
311,Persona natural,Inalámbrico,Inalámbrico 20 Mbps,20,10,533,33,2,1,0,0,0.0,18,2,11033.1,10974.19,58.91,3.1,3,0,0.0,0,Bajo
312,Persona natural,Fibra óptica,Fibra 500 Mbps,500,250,1450,18,2,3,0,0,2.44,18,1,30015.0,25665.62,4349.38,14.46,3,0,0.11382113821138211,0,Bajo
313,Persona natural,Inalámbrico,Inalámbrico 50 Mbps,50,20,692,28,2,0,0,0,0.0,18,2,14324.4,13876.28,448.12,3.16,1,0,0.0,0,Bajo
314,Persona natural,Inalámbrico,Inalámbrico 20 Mbps,20,10,522,20,2,2,1,0,3.58,18,7,10805.4,9025.43,1779.97,12.93,3,0,0.3037037037037037,0,Medio
315,Empresa,Cable,Cable 50 Mbps,50,10,603,24,2,7,1,3,5.34,18,7,12482.1,7601.52,4880.58,15.44,10,0,0.0,0,Bajo
316,Persona natural,Cable,Cable 100 Mbps,100,20,792,29,2,1,0,0,7.64,18,4,16394.4,15823.04,571.36,3.26,6,0,0.0,0,Bajo
317,Persona natural,Inalámbrico,Inalámbrico 50 Mbps,50,20,647,4,2,8,2,2,19.74,4,3,2976.2,1619.35,1356.85,24.56,6,1,1.0,1,Alto
318,Persona natural,Inalámbrico,Inalámbrico 50 Mbps,50,20,691,33,2,0,0,0,0.0,18,0,14303.7,13008.51,1295.19,1.1,1,1,1.0,1,Alto
319,Persona natural,Cable,Cable 100 Mbps,100,20,763,7,2,4,2,1,8.05,7,3,6142.15,4118.51,2023.64,17.69,5,0,0.0,0,Bajo
320,Persona natural,Fibra óptica,Fibra 500 Mbps,500,250,1484,55,2,1,0,0,0.93,18,2,30718.8,29224.86,1493.94,3.63,3,0,0.11382113821138211,0,Bajo
321,Empresa,Inalámbrico,Inalámbrico 50 Mbps,50,20,612,32,2,3,1,0,3.82,18,2,12668.4,11557.79,1110.61,13.03,5,0,0.14,0,Bajo
322,Persona natural,Fibra óptica,Fibra 100 Mbps,100,50,794,48,2,2,0,0,0.93,18,4,16435.8,16203.53,232.27,0.3,1,0,0.0,0,Bajo
323,Persona natural,Inalámbrico,Inalámbrico 50 Mbps,50,20,644,52,2,2,1,0,1.04,18,0,13330.8,12693.99,636.81,1.86,3,0,0.0,0,Bajo
324,Persona natural,Inalámbrico,Inalámbrico 50 Mbps,50,20,693,20,2,8,3,4,6.16,18,5,14345.1,8555.09,5790.01,23.25,5,1,0.4722222222222222,0,Medio
325,Persona natural,Cable,Cable 100 Mbps,100,20,763,22,2,1,0,0,1.79,18,0,15794.1,15362.98,431.12,0.33,2,0,0.0,0,Bajo
326,Persona natural,Fibra óptica,Fibra 100 Mbps,100,50,765,10,2,4,0,1,8.43,10,2,8797.5,8142.85,654.65,7.26,5,0,0.0,0,Bajo
327,Persona natural,Fibra óptica,Fibra 500 Mbps,500,250,1545,48,2,2,0,0,2.49,18,0,31981.5,30891.86,1089.64,0.36,3,0,0.0,0,Bajo
328,Empresa,Enlace dedicado,Dedicado 300 Mbps,300,300,6023,28,3,1,1,0,2.83,18,6,124676.1,117171.56,7504.54,7.43,4,0,0.4074074074074074,0,Medio
329,Persona natural,Fibra óptica,Fibra 200 Mbps,200,100,1007,36,2,0,0,0,0.0,18,0,20844.9,20539.32,305.58,0.63,3,0,0.0,0,Bajo
330,Persona natural,Fibra óptica,Fibra 500 Mbps,500,250,1473,21,2,9,3,5,17.21,18,6,30491.1,23615.92,6875.18,27.25,9,1,0.45,0,Medio
331,Persona natural,Cable,Cable 100 Mbps,100,20,760,26,2,1,0,1,8.17,18,3,15732.0,13679.46,2052.54,9.75,4,0,0.3037037037037037,0,Medio
332,Persona natural,Cable,Cable 50 Mbps,50,10,600,34,2,0,0,0,0.0,18,1,12420.0,12018.03,401.97,3.83,2,0,0.0,0,Bajo
333,Persona natural,Fibra óptica,Fibra 200 Mbps,200,100,1017,43,2,2,0,0,2.8,18,4,21051.9,20860.64,191.26,4.38,2,0,0.0,0,Bajo
334,Persona natural,Inalámbrico,Inalámbrico 20 Mbps,20,10,502,9,2,1,0,1,6.12,9,1,5195.7,4311.14,884.56,4.12,5,1,0.14,0,Bajo
335,Empresa,Fibra óptica,Fibra 200 Mbps,200,100,997,9,2,4,1,0,6.05,9,2,10318.95,9772.26,546.69,8.88,2,0,0.0,0,Bajo
336,Persona natural,Inalámbrico,Inalámbrico 20 Mbps,20,10,521,22,2,0,0,0,4.18,18,1,10784.7,8769.86,2014.84,4.53,4,0,0.3037037037037037,0,Medio
337,Empresa,Enlace dedicado,Dedicado 300 Mbps,300,300,6013,28,3,2,0,0,2.45,18,1,124469.1,120300.49,4168.61,3.73,3,0,0.11382113821138211,0,Bajo
338,Persona natural,Cable,Cable 50 Mbps,50,10,550,38,2,1,0,0,2.99,18,1,11385.0,11045.31,339.69,1.27,1,0,0.0,0,Bajo
339,Persona natural,Inalámbrico,Inalámbrico 20 Mbps,20,10,476,35,2,0,0,0,0.0,18,1,9853.2,9594.78,258.42,0.0,2,0,0.0,0,Bajo
340,Persona natural,Cable,Cable 50 Mbps,50,10,634,48,2,1,0,0,1.33,18,0,13123.8,12696.08,427.72,0.05,2,0,0.0,0,Bajo
341,Persona natural,Fibra óptica,Fibra 200 Mbps,200,100,1027,20,2,4,1,1,5.68,18,3,21258.9,18649.62,2609.28,5.09,2,0,0.11382113821138211,0,Bajo
342,Persona natural,Fibra óptica,Fibra 500 Mbps,500,250,1452,17,2,2,0,1,2.84,17,4,28386.6,26751.87,1634.73,11.04,5,0,0.11382113821138211,0,Bajo
343,Persona natural,Fibra óptica,Fibra 100 Mbps,100,50,771,36,2,1,1,0,6.82,18,4,15959.7,12460.73,3498.97,3.98,5,1,0.9333333333333333,1,Alto
344,Persona natural,Inalámbrico,Inalámbrico 50 Mbps,50,20,623,8,2,6,1,2,9.09,8,3,5731.6,4018.35,1713.25,8.81,5,1,0.3037037037037037,0,Medio
345,Persona natural,Inalámbrico,Inalámbrico 20 Mbps,20,10,504,30,2,3,0,0,7.2,18,6,10432.8,8153.75,2279.05,4.2,4,1,0.3037037037037037,0,Medio
346,Persona natural,Fibra óptica,Fibra 100 Mbps,100,50,805,37,2,5,1,0,5.38,18,2,16663.5,13698.75,2964.75,7.0,5,0,0.3037037037037037,0,Medio
347,Persona natural,Inalámbrico,Inalámbrico 50 Mbps,50,20,643,47,2,1,0,1,1.12,18,0,13310.1,12708.37,601.73,0.26,1,0,0.0,0,Bajo
348,Empresa,Inalámbrico,Inalámbrico 20 Mbps,20,10,503,33,2,5,0,1,3.25,18,3,10412.1,9076.18,1335.92,4.96,3,0,0.3037037037037037,0,Medio
349,Persona natural,Inalámbrico,Inalámbrico 20 Mbps,20,10,542,14,2,4,0,1,2.08,14,5,8726.2,8107.81,618.39,13.44,5,0,0.0,0,Bajo
350,Persona natural,Inalámbrico,Inalámbrico 20 Mbps,20,10,507,45,2,0,0,0,0.0,18,2,10494.9,10357.77,137.13,1.24,2,0,0.0,0,Bajo
351,Persona natural,Cable,Cable 50 Mbps,50,10,584,30,2,4,0,0,5.98,18,3,12088.8,9385.47,2703.33,6.13,2,1,0.3037037037037037,0,Medio
352,Persona natural,Inalámbrico,Inalámbrico 50 Mbps,50,20,605,15,2,8,2,4,7.72,15,9,10436.25,7325.62,3110.63,15.23,6,1,0.4722222222222222,0,Medio
353,Persona natural,Fibra óptica,Fibra 500 Mbps,500,250,1505,27,2,1,0,0,1.97,18,2,31153.5,31147.0,6.5,0.12,1,0,0.0,0,Bajo
354,Persona natural,Cable,Cable 100 Mbps,100,20,715,32,2,6,0,1,3.11,18,1,14800.5,14037.8,762.7,7.8,5,0,0.0,0,Bajo
355,Persona natural,Fibra óptica,Fibra 100 Mbps,100,50,798,34,2,4,1,1,5.52,18,3,16518.6,15846.52,672.08,14.06,2,0,0.0,0,Bajo
356,Persona natural,Cable,Cable 50 Mbps,50,10,607,11,2,9,3,2,8.67,11,6,7678.55,6396.07,1282.48,22.24,9,0,0.14,0,Bajo
357,Persona natural,Inalámbrico,Inalámbrico 50 Mbps,50,20,649,5,2,6,2,2,8.94,5,2,3731.75,2273.16,1458.59,13.82,10,1,0.6764705882352942,1,Alto
358,Persona natural,Inalámbrico,Inalámbrico 50 Mbps,50,20,630,24,2,3,1,0,3.81,18,3,13041.0,11844.48,1196.52,3.34,4,0,0.14,0,Bajo
359,Persona natural,Inalámbrico,Inalámbrico 20 Mbps,20,10,514,41,2,4,1,0,7.97,18,4,10639.8,9666.98,972.82,3.15,4,0,0.14,0,Bajo
360,Empresa,Fibra óptica,Fibra 500 Mbps,500,250,1534,10,2,4,0,0,7.93,10,1,17641.0,15480.53,2160.47,3.48,6,0,0.11382113821138211,0,Bajo
361,Persona natural,Inalámbrico,Inalámbrico 50 Mbps,50,20,607,26,2,2,0,0,1.34,18,2,12564.9,12306.65,258.25,3.17,3,0,0.0,0,Bajo
362,Persona natural,Fibra óptica,Fibra 500 Mbps,500,250,1512,58,2,0,0,0,0.0,18,1,31298.4,30210.22,1088.18,4.63,2,0,0.0,0,Bajo
363,Persona natural,Inalámbrico,Inalámbrico 50 Mbps,50,20,612,22,2,2,1,0,5.71,18,3,12668.4,11931.79,736.61,7.45,2,0,0.0,0,Bajo
364,Persona natural,Fibra óptica,Fibra 500 Mbps,500,250,1503,22,2,7,2,3,9.11,18,10,31112.1,27731.46,3380.64,9.01,10,0,0.45,0,Medio
365,Persona natural,Fibra óptica,Fibra 500 Mbps,500,250,1526,22,2,7,1,4,16.25,18,2,31588.2,28023.79,3564.41,15.95,6,0,0.4722222222222222,0,Medio
366,Persona natural,Fibra óptica,Fibra 200 Mbps,200,100,1007,41,2,1,0,0,1.37,18,4,20844.9,20568.11,276.79,2.83,3,0,0.0,0,Bajo
367,Persona natural,Inalámbrico,Inalámbrico 50 Mbps,50,20,610,37,2,5,0,0,8.16,18,4,12627.0,11084.21,1542.79,10.98,3,0,0.3037037037037037,0,Medio
368,Empresa,Fibra óptica,Fibra 200 Mbps,200,100,973,27,2,0,0,0,0.0,18,1,20141.1,19576.79,564.31,4.17,2,0,0.0,0,Bajo
369,Persona natural,Cable,Cable 50 Mbps,50,10,555,36,2,4,1,1,8.78,18,5,11488.5,10865.52,622.98,7.26,6,0,0.0,0,Bajo
370,Persona natural,Fibra óptica,Fibra 500 Mbps,500,250,1478,23,2,2,0,0,1.84,18,3,30594.6,29296.44,1298.16,4.05,2,0,0.0,0,Bajo
371,Persona natural,Fibra óptica,Fibra 100 Mbps,100,50,812,10,2,6,2,3,18.33,10,5,9338.0,5788.6,3549.4,29.31,4,0,0.4722222222222222,0,Medio
372,Persona natural,Inalámbrico,Inalámbrico 50 Mbps,50,20,676,24,2,4,2,2,13.1,18,7,13993.2,10336.0,3657.2,21.0,8,0,0.6764705882352942,1,Alto
373,Empresa,Enlace dedicado,Dedicado 300 Mbps,300,300,6034,27,3,2,0,0,2.45,18,2,124903.8,123311.03,1592.77,3.28,2,0,0.11382113821138211,0,Bajo
374,Persona natural,Fibra óptica,Fibra 500 Mbps,500,250,1511,21,2,7,3,3,13.15,18,8,31277.7,23935.2,7342.5,21.22,4,1,0.4722222222222222,0,Medio
375,Persona natural,Fibra óptica,Fibra 500 Mbps,500,250,1518,22,2,5,0,1,7.9,18,2,31422.6,28311.05,3111.55,3.8,3,0,0.11382113821138211,0,Bajo
376,Persona natural,Inalámbrico,Inalámbrico 50 Mbps,50,20,630,33,2,2,1,0,7.84,18,2,13041.0,10684.64,2356.36,4.84,2,1,0.3037037037037037,0,Medio
377,Empresa,Fibra óptica,Fibra 100 Mbps,100,50,797,24,2,1,1,0,3.18,18,1,16497.9,14375.28,2122.62,13.04,5,0,0.3037037037037037,0,Medio
378,Persona natural,Fibra óptica,Fibra 200 Mbps,200,100,1023,49,2,0,0,0,0.0,18,1,21176.1,20868.31,307.79,3.02,3,0,0.0,0,Bajo
379,Persona natural,Cable,Cable 50 Mbps,50,10,607,54,2,2,1,0,2.57,18,3,12564.9,12559.23,5.67,1.32,3,0,0.0,0,Bajo
380,Persona natural,Fibra óptica,Fibra 500 Mbps,500,250,1543,33,2,3,0,0,6.31,18,5,31940.1,28300.22,3639.88,10.71,3,0,0.11382113821138211,0,Bajo
381,Persona natural,Fibra óptica,Fibra 100 Mbps,100,50,774,23,2,0,0,0,0.0,18,1,16021.8,15755.45,266.35,1.37,3,0,0.0,0,Bajo
382,Persona natural,Fibra óptica,Fibra 200 Mbps,200,100,1005,24,2,5,1,3,11.22,18,9,20803.5,14489.61,6313.89,26.2,8,0,0.45,0,Medio
383,Persona natural,Inalámbrico,Inalámbrico 50 Mbps,50,20,663,38,2,5,1,1,8.84,18,5,13724.1,12677.22,1046.88,11.56,3,0,0.14,0,Bajo
384,Empresa,Enlace dedicado,Dedicado 300 Mbps,300,300,5989,21,3,9,3,2,19.56,18,7,123972.3,109679.41,14292.89,16.52,4,0,0.4722222222222222,0,Medio
385,Persona natural,Fibra óptica,Fibra 100 Mbps,100,50,788,40,2,0,0,0,0.0,18,3,16311.6,15762.6,549.0,1.53,3,0,0.0,0,Bajo
386,Persona natural,Fibra óptica,Fibra 200 Mbps,200,100,973,58,2,2,0,0,2.95,18,2,20141.1,19315.73,825.37,2.59,1,0,0.0,0,Bajo
387,Empresa,Cable,Cable 50 Mbps,50,10,633,32,2,4,0,2,8.72,18,1,13103.1,10392.07,2711.03,5.38,5,1,0.3037037037037037,0,Medio
388,Persona natural,Fibra óptica,Fibra 100 Mbps,100,50,811,24,2,1,0,0,1.47,18,3,16787.7,16568.23,219.47,2.62,2,0,0.0,0,Bajo
389,Empresa,Enlace dedicado,Dedicado 100 Mbps,100,100,3478,28,3,1,0,0,6.0,18,3,71994.6,57735.72,14258.88,13.36,6,1,0.4074074074074074,0,Medio
390,Persona natural,Fibra óptica,Fibra 500 Mbps,500,250,1501,4,2,7,2,3,5.63,4,2,6904.6,5568.34,1336.26,12.03,10,1,1.0,1,Alto
391,Persona natural,Inalámbrico,Inalámbrico 20 Mbps,20,10,499,36,2,2,0,0,1.38,18,3,10329.3,10210.06,119.24,3.31,1,0,0.0,0,Bajo
392,Persona natural,Fibra óptica,Fibra 100 Mbps,100,50,821,8,2,2,1,0,3.23,8,4,7553.2,5918.8,1634.4,3.83,5,1,0.3037037037037037,0,Medio
393,Persona natural,Fibra óptica,Fibra 500 Mbps,500,250,1456,15,2,1,1,0,2.12,15,6,25116.0,22127.02,2988.98,9.86,3,0,0.11382113821138211,0,Bajo
394,Empresa,Enlace dedicado,Dedicado 300 Mbps,300,300,6028,34,3,1,0,0,1.85,18,1,124779.6,119838.96,4940.64,2.03,1,0,0.11382113821138211,0,Bajo
395,Empresa,Fibra óptica,Fibra 500 Mbps,500,250,1490,33,2,1,0,0,5.98,18,1,30843.0,26938.38,3904.62,14.32,6,0,0.11382113821138211,0,Bajo
396,Persona natural,Inalámbrico,Inalámbrico 20 Mbps,20,10,536,17,2,4,0,0,7.34,17,4,10478.8,9029.58,1449.22,13.91,5,0,0.3037037037037037,0,Medio
397,Persona natural,Fibra óptica,Fibra 500 Mbps,500,250,1487,14,2,5,0,0,3.11,14,3,23940.7,23172.72,767.98,7.35,6,0,0.0,0,Bajo
398,Persona natural,Cable,Cable 50 Mbps,50,10,634,54,2,1,0,0,2.75,18,0,13123.8,12633.44,490.36,1.03,1,0,0.0,0,Bajo
399,Persona natural,Fibra óptica,Fibra 200 Mbps,200,100,955,59,2,0,0,0,0.0,18,3,19768.5,19468.86,299.64,1.68,3,0,0.0,0,Bajo
400,Persona natural,Fibra óptica,Fibra 500 Mbps,500,250,1465,30,2,3,0,0,8.43,18,7,30325.5,27264.7,3060.8,14.59,2,0,0.11382113821138211,0,Bajo
401,Persona natural,Cable,Cable 100 Mbps,100,20,714,21,2,2,0,0,2.84,18,3,14779.8,14045.48,734.32,0.88,1,0,0.0,0,Bajo
402,Empresa,Inalámbrico,Inalámbrico 20 Mbps,20,10,546,12,2,2,0,0,3.59,12,0,7534.8,6110.66,1424.14,0.13,5,0,0.3037037037037037,0,Medio
403,Persona natural,Fibra óptica,Fibra 100 Mbps,100,50,835,36,2,1,0,0,7.4,18,1,17284.5,16167.28,1117.22,14.34,4,0,0.0,0,Bajo
404,Persona natural,Inalámbrico,Inalámbrico 20 Mbps,20,10,545,32,2,4,0,0,3.05,18,5,11281.5,10377.39,904.11,14.63,4,1,0.14,0,Bajo
405,Persona natural,Cable,Cable 50 Mbps,50,10,626,36,2,0,0,0,0.0,18,1,12958.2,12550.02,408.18,1.23,1,0,0.0,0,Bajo
406,Empresa,Cable,Cable 50 Mbps,50,10,649,12,2,8,2,5,13.89,12,5,8956.2,7329.29,1626.91,9.47,5,0,0.3037037037037037,0,Medio
407,Persona natural,Fibra óptica,Fibra 500 Mbps,500,250,1548,11,2,4,0,1,5.93,11,2,19582.2,17408.49,2173.71,9.05,4,0,0.11382113821138211,0,Bajo
408,Empresa,Enlace dedicado,Dedicado 100 Mbps,100,100,3468,26,3,1,0,0,7.34,18,5,71787.6,59160.02,12627.58,12.98,2,0,0.4074074074074074,0,Medio
409,Persona natural,Fibra óptica,Fibra 500 Mbps,500,250,1527,10,2,3,1,0,2.39,10,5,17560.5,14256.11,3304.39,7.81,3,0,0.11382113821138211,0,Bajo
410,Persona natural,Cable,Cable 100 Mbps,100,20,710,21,2,4,0,1,6.51,18,4,14697.0,11779.66,2917.34,5.75,6,1,0.3037037037037037,0,Medio
411,Empresa,Inalámbrico,Inalámbrico 50 Mbps,50,20,620,43,2,0,0,0,0.0,18,1,12834.0,12310.91,523.09,0.21,1,0,0.0,0,Bajo
412,Persona natural,Cable,Cable 100 Mbps,100,20,793,13,2,8,3,4,5.36,13,3,11855.35,10028.56,1826.79,10.36,4,1,0.3037037037037037,0,Medio
413,Empresa,Fibra óptica,Fibra 500 Mbps,500,250,1505,16,2,9,3,2,9.46,16,7,27692.0,21431.76,6260.24,20.26,4,0,0.4722222222222222,0,Medio
414,Persona natural,Fibra óptica,Fibra 200 Mbps,200,100,976,12,2,4,1,1,8.81,12,1,13468.8,13055.21,413.59,3.53,6,0,0.0,0,Bajo
415,Persona natural,Inalámbrico,Inalámbrico 50 Mbps,50,20,628,11,2,3,1,1,5.81,11,2,7944.2,7370.49,573.71,8.93,4,0,0.0,0,Bajo
416,Persona natural,Fibra óptica,Fibra 200 Mbps,200,100,991,40,2,2,0,0,2.7,18,0,20513.7,20078.26,435.44,0.51,1,0,0.0,0,Bajo
417,Persona natural,Inalámbrico,Inalámbrico 50 Mbps,50,20,641,39,2,1,1,0,7.58,18,6,13268.7,12758.1,510.6,5.9,6,0,0.0,0,Bajo
418,Persona natural,Inalámbrico,Inalámbrico 50 Mbps,50,20,623,9,2,1,0,0,3.45,9,2,6448.05,5228.76,1219.29,10.62,2,1,0.14,0,Bajo
419,Persona natural,Fibra óptica,Fibra 500 Mbps,500,250,1452,12,2,9,2,1,5.41,12,7,20037.6,13963.44,6074.16,20.16,4,0,0.4722222222222222,0,Medio
420,Persona natural,Inalámbrico,Inalámbrico 20 Mbps,20,10,465,9,2,5,1,1,5.75,9,3,4812.75,4642.65,170.1,3.92,2,0,0.0,0,Bajo
421,Persona natural,Inalámbrico,Inalámbrico 20 Mbps,20,10,471,42,2,0,0,0,0.0,18,1,9749.7,9571.69,178.01,0.53,2,0,0.0,0,Bajo
422,Persona natural,Fibra óptica,Fibra 100 Mbps,100,50,760,24,2,3,1,0,8.13,18,5,15732.0,11568.51,4163.49,6.19,2,1,0.9333333333333333,1,Alto
423,Persona natural,Fibra óptica,Fibra 200 Mbps,200,100,1010,10,2,5,3,1,13.12,10,3,11615.0,8038.21,3576.79,26.22,10,1,1.0,1,Alto
424,Persona natural,Cable,Cable 50 Mbps,50,10,552,30,2,2,0,0,1.79,18,2,11426.4,11079.76,346.64,2.32,1,0,0.0,0,Bajo
425,Persona natural,Fibra óptica,Fibra 500 Mbps,500,250,1488,48,2,2,0,0,2.65,18,0,30801.6,30133.23,668.37,0.7,3,0,0.0,0,Bajo
426,Persona natural,Fibra óptica,Fibra 500 Mbps,500,250,1525,35,2,2,0,0,3.33,18,1,31567.5,27086.11,4481.39,6.06,4,0,0.11382113821138211,0,Bajo
427,Persona natural,Cable,Cable 50 Mbps,50,10,549,22,2,0,0,0,0.0,18,2,11364.3,10953.68,410.62,2.74,2,0,0.0,0,Bajo
428,Persona natural,Fibra óptica,Fibra 200 Mbps,200,100,954,22,2,4,1,2,8.61,18,7,19747.8,12415.54,7332.26,26.6,5,0,0.4722222222222222,0,Medio
429,Persona natural,Fibra óptica,Fibra 200 Mbps,200,100,984,24,2,0,0,0,0.0,18,1,20368.8,19698.96,669.84,0.1,1,0,0.0,0,Bajo
430,Persona natural,Fibra óptica,Fibra 200 Mbps,200,100,1039,22,2,2,0,0,1.17,18,1,21507.3,21409.64,97.66,0.45,2,0,0.0,0,Bajo
431,Empresa,Fibra óptica,Fibra 200 Mbps,200,100,977,55,2,2,0,0,1.23,18,1,20223.9,19306.01,917.89,0.26,1,0,0.0,0,Bajo
432,Empresa,Enlace dedicado,Dedicado 300 Mbps,300,300,6004,9,3,5,1,3,17.26,9,5,62141.4,36959.83,25181.57,19.02,5,1,0.4722222222222222,0,Medio
433,Persona natural,Inalámbrico,Inalámbrico 50 Mbps,50,20,615,33,2,2,0,0,1.41,18,1,12730.5,12461.55,268.95,4.19,1,0,0.0,0,Bajo
434,Persona natural,Inalámbrico,Inalámbrico 50 Mbps,50,20,662,8,2,4,1,2,18.56,8,5,6090.4,4596.5,1493.9,22.28,7,1,0.6764705882352942,1,Alto
435,Persona natural,Cable,Cable 50 Mbps,50,10,581,49,2,1,0,0,2.74,18,1,12026.7,11624.68,402.02,1.55,2,0,0.0,0,Bajo
436,Persona natural,Fibra óptica,Fibra 500 Mbps,500,250,1456,19,2,2,0,0,0.85,18,0,30139.2,29708.62,430.58,1.46,2,0,0.0,0,Bajo
437,Persona natural,Cable,Cable 100 Mbps,100,20,748,25,2,4,0,1,5.99,18,4,15483.6,14302.92,1180.68,7.47,5,0,0.14,0,Bajo
438,Persona natural,Inalámbrico,Inalámbrico 50 Mbps,50,20,693,29,2,3,0,0,6.78,18,1,14345.1,11849.83,2495.27,4.18,6,0,0.3037037037037037,0,Medio
439,Persona natural,Fibra óptica,Fibra 500 Mbps,500,250,1487,13,2,2,0,0,6.64,13,1,22230.65,19409.98,2820.67,5.82,4,0,0.11382113821138211,0,Bajo
440,Persona natural,Cable,Cable 100 Mbps,100,20,747,23,2,0,0,0,0.0,18,2,15462.9,14817.5,645.4,1.55,1,0,0.0,0,Bajo
441,Persona natural,Fibra óptica,Fibra 100 Mbps,100,50,773,28,2,1,0,0,1.39,18,2,16001.1,15435.98,565.12,3.53,2,0,0.0,0,Bajo
442,Empresa,Enlace dedicado,Dedicado 300 Mbps,300,300,5976,33,3,1,0,0,0.97,18,1,123703.2,119770.73,3932.47,0.78,3,0,0.11382113821138211,0,Bajo
443,Persona natural,Cable,Cable 50 Mbps,50,10,633,43,2,2,0,0,2.59,18,1,13103.1,12721.71,381.39,3.85,3,0,0.0,0,Bajo
444,Persona natural,Fibra óptica,Fibra 100 Mbps,100,50,762,19,2,8,1,2,14.19,18,5,15773.4,12437.18,3336.22,12.9,8,1,0.6764705882352942,1,Alto
445,Persona natural,Inalámbrico,Inalámbrico 20 Mbps,20,10,523,12,2,7,2,6,6.14,12,3,7217.4,5400.47,1816.93,10.55,10,1,0.6764705882352942,1,Alto
446,Persona natural,Cable,Cable 100 Mbps,100,20,782,20,2,1,1,1,6.53,18,4,16187.4,12202.02,3985.38,12.34,5,1,0.9333333333333333,1,Alto
447,Persona natural,Cable,Cable 50 Mbps,50,10,592,7,2,8,3,3,7.84,7,2,4765.6,3605.78,1159.82,23.17,6,0,0.14,0,Bajo
448,Persona natural,Fibra óptica,Fibra 500 Mbps,500,250,1498,35,2,1,1,0,3.33,18,4,31008.6,26997.35,4011.25,13.05,5,0,0.11382113821138211,0,Bajo
449,Persona natural,Cable,Cable 100 Mbps,100,20,765,53,2,0,0,0,0.0,18,2,15835.5,15164.9,670.6,1.7,3,0,0.0,0,Bajo
450,Persona natural,Fibra óptica,Fibra 500 Mbps,500,250,1543,27,2,4,0,2,2.96,18,2,31940.1,29301.27,2638.83,6.57,6,0,0.11382113821138211,0,Bajo
451,Persona natural,Fibra óptica,Fibra 100 Mbps,100,50,788,17,2,4,3,3,19.17,17,6,15405.4,8531.52,6873.88,27.0,4,1,0.4722222222222222,0,Medio
452,Persona natural,Fibra óptica,Fibra 500 Mbps,500,250,1522,30,2,1,0,0,1.26,18,1,31505.4,31213.1,292.3,2.9,3,0,0.0,0,Bajo
453,Persona natural,Fibra óptica,Fibra 200 Mbps,200,100,1044,10,2,1,1,1,3.53,10,3,12006.0,10268.36,1737.64,7.93,2,0,0.11382113821138211,0,Bajo
454,Persona natural,Inalámbrico,Inalámbrico 20 Mbps,20,10,467,31,2,1,0,0,2.69,18,5,9666.9,9467.03,199.87,1.74,3,0,0.0,0,Bajo
455,Persona natural,Cable,Cable 50 Mbps,50,10,598,25,2,2,1,0,2.12,18,4,12378.6,10416.96,1961.64,14.49,3,0,0.3037037037037037,0,Medio
456,Empresa,Inalámbrico,Inalámbrico 20 Mbps,20,10,512,41,2,1,0,0,4.29,18,5,10598.4,9084.37,1514.03,8.66,6,0,0.3037037037037037,0,Medio
457,Empresa,Enlace dedicado,Dedicado 100 Mbps,100,100,3463,54,3,0,0,0,0.0,18,3,71684.1,68849.3,2834.8,1.7,1,0,0.11382113821138211,0,Bajo
458,Persona natural,Cable,Cable 100 Mbps,100,20,794,24,2,5,1,2,18.89,18,11,16435.8,10635.38,5800.42,24.22,7,0,0.0,0,Bajo
459,Persona natural,Cable,Cable 50 Mbps,50,10,556,60,2,1,0,0,1.06,18,2,11509.2,11065.67,443.53,4.06,3,0,0.0,0,Bajo
460,Persona natural,Cable,Cable 100 Mbps,100,20,773,29,2,4,0,0,5.14,18,2,16001.1,13108.71,2892.39,8.75,3,0,0.3037037037037037,0,Medio
461,Persona natural,Cable,Cable 100 Mbps,100,20,722,42,2,2,0,1,8.01,18,3,14945.4,13345.4,1600.0,11.85,6,0,0.3037037037037037,0,Medio
462,Persona natural,Fibra óptica,Fibra 100 Mbps,100,50,753,18,2,0,0,0,0.0,18,2,15587.1,15083.12,503.98,1.9,3,0,0.0,0,Bajo
463,Persona natural,Fibra óptica,Fibra 500 Mbps,500,250,1469,13,2,5,0,0,2.54,13,4,21961.55,18918.76,3042.79,9.19,3,0,0.11382113821138211,0,Bajo
464,Persona natural,Fibra óptica,Fibra 200 Mbps,200,100,983,40,2,2,1,1,4.17,18,5,20348.1,17204.88,3143.22,3.56,3,0,0.11382113821138211,0,Bajo
465,Persona natural,Cable,Cable 100 Mbps,100,20,766,4,2,6,3,0,8.74,4,2,3523.6,2155.99,1367.61,23.33,5,1,1.0,1,Alto
466,Persona natural,Inalámbrico,Inalámbrico 20 Mbps,20,10,534,37,2,1,0,1,2.73,18,1,11053.8,10899.67,154.13,1.85,3,0,0.0,0,Bajo
467,Empresa,Inalámbrico,Inalámbrico 20 Mbps,20,10,459,48,2,1,0,0,2.7,18,2,9501.3,9053.56,447.74,4.26,3,0,0.0,0,Bajo
468,Persona natural,Fibra óptica,Fibra 500 Mbps,500,250,1473,51,2,1,0,0,1.07,18,0,30491.1,30269.76,221.34,1.45,3,0,0.0,0,Bajo
469,Persona natural,Inalámbrico,Inalámbrico 50 Mbps,50,20,640,32,2,1,1,0,8.01,18,3,13248.0,12452.02,795.98,10.15,6,0,0.0,0,Bajo
470,Empresa,Cable,Cable 50 Mbps,50,10,596,23,2,6,1,1,13.63,18,6,12337.2,8865.71,3471.49,14.47,4,1,0.9333333333333333,1,Alto
471,Persona natural,Inalámbrico,Inalámbrico 20 Mbps,20,10,451,29,2,2,1,0,8.76,18,3,9335.7,7806.37,1529.33,14.43,2,0,0.3037037037037037,0,Medio
472,Persona natural,Cable,Cable 50 Mbps,50,10,614,53,2,0,0,0,0.0,18,0,12709.8,12622.63,87.17,1.83,2,0,0.0,0,Bajo
473,Persona natural,Inalámbrico,Inalámbrico 20 Mbps,20,10,496,57,2,2,0,0,1.62,18,2,10267.2,10047.85,219.35,1.88,3,0,0.0,0,Bajo
474,Persona natural,Cable,Cable 100 Mbps,100,20,794,37,2,1,1,1,7.48,18,7,16435.8,14278.04,2157.76,9.72,6,0,0.3037037037037037,0,Medio
475,Empresa,Cable,Cable 50 Mbps,50,10,630,15,2,4,1,1,4.17,15,1,10867.5,8911.64,1955.86,4.71,3,0,0.3037037037037037,0,Medio
476,Persona natural,Inalámbrico,Inalámbrico 50 Mbps,50,20,699,27,2,1,0,0,2.29,18,0,14469.3,14355.94,113.36,1.55,2,0,0.0,0,Bajo
477,Persona natural,Inalámbrico,Inalámbrico 50 Mbps,50,20,664,25,2,1,0,0,3.15,18,4,13744.8,10090.58,3654.22,3.96,3,1,0.9333333333333333,1,Alto
478,Persona natural,Cable,Cable 50 Mbps,50,10,648,19,2,5,0,1,4.58,18,4,13413.6,11607.6,1806.0,3.57,4,0,0.3037037037037037,0,Medio
479,Persona natural,Fibra óptica,Fibra 500 Mbps,500,250,1451,33,2,5,1,1,8.68,18,2,30035.7,25651.04,4384.66,8.61,4,0,0.11382113821138211,0,Bajo
480,Persona natural,Cable,Cable 50 Mbps,50,10,558,60,2,1,0,0,0.91,18,0,11550.6,11071.43,479.17,0.37,1,0,0.0,0,Bajo
481,Empresa,Inalámbrico,Inalámbrico 50 Mbps,50,20,622,7,2,9,1,2,16.37,7,2,5007.1,3048.06,1959.04,13.04,10,0,0.6764705882352942,1,Alto
482,Persona natural,Cable,Cable 100 Mbps,100,20,768,58,2,1,0,0,1.06,18,1,15897.6,15626.99,270.61,0.07,2,0,0.0,0,Bajo
483,Persona natural,Cable,Cable 50 Mbps,50,10,621,8,2,8,1,2,13.36,8,4,5713.2,3492.69,2220.51,15.28,8,0,0.3,0,Medio
484,Empresa,Inalámbrico,Inalámbrico 20 Mbps,20,10,481,40,2,3,0,0,6.27,18,3,9956.7,9007.32,949.38,6.3,6,0,0.14,0,Bajo
485,Persona natural,Cable,Cable 50 Mbps,50,10,612,57,2,2,0,0,2.69,18,1,12668.4,12455.3,213.1,4.34,3,0,0.0,0,Bajo
486,Persona natural,Cable,Cable 50 Mbps,50,10,621,10,2,1,0,0,8.3,10,1,7141.5,6488.13,653.37,10.61,3,0,0.0,0,Bajo
487,Persona natural,Cable,Cable 50 Mbps,50,10,577,20,2,5,0,1,5.73,18,4,11943.9,9607.22,2336.68,10.75,4,0,0.3037037037037037,0,Medio
488,Persona natural,Fibra óptica,Fibra 100 Mbps,100,50,827,14,2,7,3,4,17.36,14,7,13314.7,9294.06,4020.64,15.21,4,0,0.4722222222222222,0,Medio
489,Empresa,Cable,Cable 50 Mbps,50,10,642,51,2,0,0,0,0.0,18,1,13289.4,12998.02,291.38,3.03,1,0,0.0,0,Bajo
490,Persona natural,Fibra óptica,Fibra 200 Mbps,200,100,1014,51,2,2,0,0,1.16,18,0,20989.8,20603.77,386.03,1.47,1,0,0.0,0,Bajo
491,Persona natural,Inalámbrico,Inalámbrico 50 Mbps,50,20,677,13,2,5,3,1,11.42,13,6,10121.15,5889.51,4231.64,14.98,6,1,0.4722222222222222,0,Medio
492,Persona natural,Inalámbrico,Inalámbrico 20 Mbps,20,10,530,35,2,5,0,0,4.7,18,3,10971.0,10564.83,406.17,9.31,6,0,0.0,0,Bajo
493,Persona natural,Inalámbrico,Inalámbrico 20 Mbps,20,10,466,20,2,1,0,0,3.0,18,3,9646.2,8478.28,1167.92,6.12,2,0,0.14,0,Bajo
494,Persona natural,Fibra óptica,Fibra 200 Mbps,200,100,1022,20,2,1,0,0,2.6,18,1,21155.4,20983.89,171.51,0.15,3,0,0.0,0,Bajo
495,Empresa,Enlace dedicado,Dedicado 300 Mbps,300,300,5971,7,3,9,2,3,15.54,7,3,48066.55,35516.77,12549.78,24.36,5,0,0.4722222222222222,0,Medio
496,Persona natural,Fibra óptica,Fibra 100 Mbps,100,50,822,39,2,1,0,0,2.9,18,2,17015.4,16442.73,572.67,2.9,2,0,0.0,0,Bajo
497,Persona natural,Inalámbrico,Inalámbrico 50 Mbps,50,20,685,24,2,0,0,0,0.0,18,0,14179.5,13835.18,344.32,0.37,2,0,0.0,0,Bajo
498,Persona natural,Inalámbrico,Inalámbrico 50 Mbps,50,20,697,20,2,0,0,0,0.0,18,3,14427.9,14232.96,194.94,2.93,1,0,0.0,0,Bajo
499,Persona natural,Inalámbrico,Inalámbrico 50 Mbps,50,20,693,50,2,0,0,0,0.0,18,2,14345.1,14101.36,243.74,0.27,1,0,0.0,0,Bajo
500,Persona natural,Cable,Cable 50 Mbps,50,10,562,26,2,0,0,0,0.0,18,1,11633.4,11523.62,109.78,3.88,1,0,0.0,0,Bajo
501,Persona natural,Fibra óptica,Fibra 500 Mbps,500,250,1451,53,2,2,0,0,2.83,18,2,30035.7,29052.39,983.31,3.9,1,0,0.0,0,Bajo
502,Persona natural,Cable,Cable 50 Mbps,50,10,564,17,2,3,0,0,4.57,17,7,11026.2,10173.47,852.73,4.02,4,0,0.0,0,Bajo
503,Persona natural,Inalámbrico,Inalámbrico 50 Mbps,50,20,635,51,2,2,0,0,1.5,18,1,13144.5,12932.26,212.24,4.99,1,0,0.0,0,Bajo
504,Persona natural,Cable,Cable 50 Mbps,50,10,562,26,2,1,0,1,0.9,18,2,11633.4,11137.89,495.51,0.15,1,0,0.0,0,Bajo
505,Persona natural,Fibra óptica,Fibra 200 Mbps,200,100,1014,10,2,4,1,2,8.78,10,3,11661.0,10375.73,1285.27,7.26,4,0,0.0,0,Bajo
506,Persona natural,Fibra óptica,Fibra 100 Mbps,100,50,820,18,2,0,0,0,2.72,18,3,16974.0,16944.36,29.64,3.13,1,0,0.0,0,Bajo
507,Persona natural,Inalámbrico,Inalámbrico 20 Mbps,20,10,508,25,2,1,1,0,1.38,18,4,10515.6,10421.86,93.74,4.65,1,0,0.0,0,Bajo
508,Persona natural,Inalámbrico,Inalámbrico 20 Mbps,20,10,457,10,2,7,3,2,19.33,10,7,5255.5,3832.63,1422.87,20.82,5,1,1.0,1,Alto
509,Persona natural,Inalámbrico,Inalámbrico 20 Mbps,20,10,482,28,2,1,0,0,1.11,18,2,9977.4,9853.14,124.26,2.86,1,0,0.0,0,Bajo
510,Persona natural,Fibra óptica,Fibra 200 Mbps,200,100,963,13,2,4,0,0,8.49,13,3,14396.85,12510.99,1885.86,7.49,6,1,0.11382113821138211,0,Bajo
511,Persona natural,Cable,Cable 100 Mbps,100,20,704,44,2,1,0,0,2.62,18,0,14572.8,14332.55,240.25,1.7,1,0,0.0,0,Bajo
512,Persona natural,Inalámbrico,Inalámbrico 20 Mbps,20,10,464,34,2,0,0,0,0.0,18,1,9604.8,9431.91,172.89,4.42,3,0,0.0,0,Bajo
513,Persona natural,Cable,Cable 50 Mbps,50,10,618,33,2,3,0,0,0.86,18,1,12792.6,12598.59,194.01,1.14,2,0,0.0,0,Bajo
514,Persona natural,Inalámbrico,Inalámbrico 50 Mbps,50,20,666,46,2,2,0,0,2.17,18,1,13786.2,13268.27,517.93,4.59,1,0,0.0,0,Bajo
515,Persona natural,Inalámbrico,Inalámbrico 20 Mbps,20,10,451,28,2,1,0,0,1.46,18,1,9335.7,9124.07,211.63,0.21,1,0,0.0,0,Bajo
516,Persona natural,Inalámbrico,Inalámbrico 50 Mbps,50,20,669,27,2,0,0,0,0.0,18,0,13848.3,13800.05,48.25,0.76,2,0,0.0,0,Bajo
517,Persona natural,Fibra óptica,Fibra 500 Mbps,500,250,1489,60,2,0,0,0,0.0,18,1,30822.3,29889.75,932.55,2.11,1,0,0.0,0,Bajo
518,Persona natural,Cable,Cable 100 Mbps,100,20,732,28,2,3,0,2,6.59,18,4,15152.4,12922.36,2230.04,8.08,6,0,0.3037037037037037,0,Medio
519,Empresa,Inalámbrico,Inalámbrico 50 Mbps,50,20,638,38,2,0,0,0,0.0,18,3,13206.6,13005.06,201.54,3.38,1,0,0.0,0,Bajo
520,Persona natural,Inalámbrico,Inalámbrico 50 Mbps,50,20,656,45,2,1,0,0,1.68,18,2,13579.2,13169.16,410.04,3.55,2,0,0.0,0,Bajo
521,Persona natural,Cable,Cable 100 Mbps,100,20,744,18,2,4,2,1,7.46,18,8,15400.8,12969.91,2430.89,10.81,10,1,0.3,0,Medio
522,Persona natural,Fibra óptica,Fibra 500 Mbps,500,250,1495,35,2,0,0,0,0.0,18,0,30946.5,30359.74,586.76,1.63,1,0,0.0,0,Bajo
523,Persona natural,Fibra óptica,Fibra 200 Mbps,200,100,1034,26,2,2,1,0,7.83,18,5,21403.8,18953.43,2450.37,4.74,6,0,0.11382113821138211,0,Bajo
524,Empresa,Enlace dedicado,Dedicado 100 Mbps,100,100,3515,6,3,10,2,3,10.39,6,3,24253.5,14210.43,10043.07,20.15,6,1,0.4722222222222222,0,Medio
525,Persona natural,Cable,Cable 50 Mbps,50,10,613,40,2,3,1,0,6.1,18,1,12689.1,11683.87,1005.23,5.1,6,0,0.14,0,Bajo
526,Persona natural,Cable,Cable 50 Mbps,50,10,569,41,2,2,0,1,8.83,18,5,11778.3,10195.41,1582.89,8.21,6,0,0.3037037037037037,0,Medio
527,Persona natural,Inalámbrico,Inalámbrico 20 Mbps,20,10,520,38,2,4,0,2,7.58,18,1,10764.0,9452.21,1311.79,3.04,4,1,0.3037037037037037,0,Medio
528,Persona natural,Fibra óptica,Fibra 200 Mbps,200,100,949,31,2,3,1,0,2.52,18,3,19644.3,17047.32,2596.98,12.82,2,0,0.11382113821138211,0,Bajo
529,Persona natural,Cable,Cable 100 Mbps,100,20,700,31,2,5,0,1,5.97,18,2,14490.0,11782.99,2707.01,8.45,6,0,0.3037037037037037,0,Medio
530,Persona natural,Fibra óptica,Fibra 100 Mbps,100,50,765,45,2,2,0,0,2.67,18,0,15835.5,15115.15,720.35,1.5,3,0,0.0,0,Bajo
531,Persona natural,Cable,Cable 100 Mbps,100,20,785,59,2,2,0,0,2.37,18,0,16249.5,16115.45,134.05,0.64,2,0,0.0,0,Bajo
532,Persona natural,Inalámbrico,Inalámbrico 50 Mbps,50,20,645,19,2,4,3,1,8.29,18,7,13351.5,8742.97,4608.53,23.15,9,0,0.6764705882352942,1,Alto
533,Persona natural,Cable,Cable 50 Mbps,50,10,618,41,2,0,0,0,0.0,18,3,12792.6,12758.7,33.9,4.31,2,0,0.0,0,Bajo
534,Persona natural,Cable,Cable 50 Mbps,50,10,558,45,2,2,0,1,2.91,18,0,11550.6,11245.79,304.81,0.23,2,0,0.0,0,Bajo
535,Persona natural,Fibra óptica,Fibra 200 Mbps,200,100,1009,20,2,3,0,0,2.25,18,2,20886.3,16254.02,4632.28,3.47,4,1,0.11382113821138211,0,Bajo
536,Empresa,Fibra óptica,Fibra 500 Mbps,500,250,1518,40,2,2,1,0,3.59,18,4,31422.6,29228.11,2194.49,4.29,4,0,0.11382113821138211,0,Bajo
537,Persona natural,Cable,Cable 100 Mbps,100,20,712,22,2,1,0,0,5.24,18,6,14738.4,12234.52,2503.88,3.01,6,0,0.3037037037037037,0,Medio
538,Persona natural,Inalámbrico,Inalámbrico 50 Mbps,50,20,671,40,2,0,0,0,0.0,18,1,13889.7,13537.12,352.58,3.82,1,0,0.0,0,Bajo
539,Persona natural,Fibra óptica,Fibra 500 Mbps,500,250,1539,31,2,1,0,0,7.8,18,3,31857.3,25896.05,5961.25,14.46,2,1,0.4074074074074074,0,Medio
540,Empresa,Fibra óptica,Fibra 500 Mbps,500,250,1493,23,2,3,1,2,2.42,18,2,30905.1,28203.26,2701.84,9.84,5,0,0.11382113821138211,0,Bajo
541,Persona natural,Fibra óptica,Fibra 200 Mbps,200,100,951,4,2,7,2,4,5.17,4,3,4374.6,2467.82,1906.78,12.04,7,1,1.0,1,Alto
542,Persona natural,Fibra óptica,Fibra 200 Mbps,200,100,977,11,2,6,2,3,11.33,11,5,12359.05,9457.58,2901.47,8.14,9,1,1.0,1,Alto
543,Empresa,Enlace dedicado,Dedicado 300 Mbps,300,300,5991,22,3,5,1,2,8.46,18,8,124013.7,89606.59,34407.11,17.49,10,1,0.45,0,Medio
544,Persona natural,Fibra óptica,Fibra 200 Mbps,200,100,957,30,2,5,0,0,5.04,18,4,19809.9,18570.0,1239.9,10.25,2,0,0.0,0,Bajo
545,Empresa,Cable,Cable 100 Mbps,100,20,760,29,2,2,0,0,1.48,18,2,15732.0,15520.52,211.48,4.62,1,0,0.0,0,Bajo
546,Empresa,Cable,Cable 100 Mbps,100,20,776,30,2,2,1,0,2.18,18,0,16063.2,15971.91,91.29,0.81,1,0,0.2,0,Bajo
547,Persona natural,Fibra óptica,Fibra 200 Mbps,200,100,1005,47,2,1,0,0,1.01,18,2,20803.5,20021.23,782.27,4.83,3,0,0.0,0,Bajo
548,Persona natural,Fibra óptica,Fibra 200 Mbps,200,100,1021,13,2,2,0,1,2.39,13,1,15263.95,13149.65,2114.3,6.64,5,0,0.11382113821138211,0,Bajo
549,Persona natural,Cable,Cable 50 Mbps,50,10,604,43,2,0,0,0,0.0,18,0,12502.8,12339.54,163.26,1.88,3,0,0.0,0,Bajo
550,Persona natural,Cable,Cable 100 Mbps,100,20,764,10,2,5,1,1,4.85,10,0,8786.0,8466.27,319.73,0.56,3,0,0.2,0,Bajo
551,Persona natural,Fibra óptica,Fibra 500 Mbps,500,250,1517,11,2,5,1,3,6.18,11,3,19190.05,14982.12,4207.93,23.67,10,1,1.0,1,Alto
552,Empresa,Fibra óptica,Fibra 500 Mbps,500,250,1474,31,2,2,1,0,8.0,18,4,30511.8,25370.93,5140.87,7.79,5,0,0.11382113821138211,0,Bajo
553,Persona natural,Fibra óptica,Fibra 500 Mbps,500,250,1506,29,2,0,0,0,0.0,18,1,31174.2,27957.28,3216.92,1.07,1,1,0.11382113821138211,0,Bajo
554,Persona natural,Cable,Cable 50 Mbps,50,10,577,24,2,2,0,1,2.22,18,0,11943.9,11501.83,442.07,1.69,3,0,0.0,0,Bajo
555,Persona natural,Inalámbrico,Inalámbrico 20 Mbps,20,10,469,59,2,2,1,0,2.55,18,2,9708.3,9673.14,35.16,1.84,3,0,0.0,0,Bajo
556,Persona natural,Fibra óptica,Fibra 200 Mbps,200,100,1010,29,2,2,0,0,1.5,18,0,20907.0,20403.24,503.76,1.95,3,0,0.0,0,Bajo
557,Persona natural,Cable,Cable 50 Mbps,50,10,649,23,2,4,0,0,8.25,18,4,13434.3,10946.38,2487.92,7.2,3,0,0.3037037037037037,0,Medio
558,Empresa,Enlace dedicado,Dedicado 100 Mbps,100,100,3499,56,3,1,0,0,1.91,18,2,72429.3,72150.6,278.7,3.81,1,0,0.0,0,Bajo
559,Persona natural,Cable,Cable 50 Mbps,50,10,645,34,2,0,0,0,0.0,18,0,13351.5,13258.19,93.31,0.36,1,0,0.0,0,Bajo
560,Persona natural,Cable,Cable 100 Mbps,100,20,742,31,2,1,0,0,1.33,18,2,15359.4,15098.28,261.12,1.1,3,0,0.0,0,Bajo
561,Persona natural,Inalámbrico,Inalámbrico 20 Mbps,20,10,500,32,2,2,0,0,1.6,18,1,10350.0,10130.7,219.3,1.88,1,0,0.0,0,Bajo
562,Persona natural,Inalámbrico,Inalámbrico 50 Mbps,50,20,622,11,2,4,0,1,6.67,11,2,7868.3,7006.22,862.08,10.77,2,0,0.14,0,Bajo
563,Persona natural,Fibra óptica,Fibra 200 Mbps,200,100,1003,39,2,4,0,2,6.56,18,0,20762.1,16718.66,4043.44,1.02,2,0,0.11382113821138211,0,Bajo
564,Persona natural,Fibra óptica,Fibra 200 Mbps,200,100,954,28,2,0,0,0,0.0,18,1,19747.8,19325.59,422.21,2.97,3,0,0.0,0,Bajo
565,Persona natural,Cable,Cable 50 Mbps,50,10,593,45,2,2,0,0,1.53,18,1,12275.1,12025.65,249.45,3.6,1,0,0.0,0,Bajo
566,Persona natural,Cable,Cable 50 Mbps,50,10,635,31,2,1,0,0,2.68,18,0,13144.5,12687.96,456.54,0.24,3,0,0.0,0,Bajo
567,Persona natural,Inalámbrico,Inalámbrico 50 Mbps,50,20,689,34,2,1,0,0,2.06,18,2,14262.3,13741.45,520.85,1.25,2,0,0.0,0,Bajo
568,Persona natural,Fibra óptica,Fibra 100 Mbps,100,50,810,20,2,1,0,0,1.94,18,5,16767.0,16661.91,105.09,0.53,1,0,0.0,0,Bajo
569,Persona natural,Cable,Cable 50 Mbps,50,10,594,20,2,9,3,4,13.6,18,13,12295.8,8096.43,4199.37,18.07,5,0,0.4722222222222222,0,Medio
570,Persona natural,Fibra óptica,Fibra 200 Mbps,200,100,1033,36,2,5,1,0,7.82,18,4,21383.1,17862.0,3521.1,6.82,2,0,0.11382113821138211,0,Bajo
571,Persona natural,Fibra óptica,Fibra 100 Mbps,100,50,769,18,2,5,1,0,8.46,18,4,15918.3,12452.46,3465.84,3.13,3,1,0.9333333333333333,1,Alto
572,Persona natural,Inalámbrico,Inalámbrico 50 Mbps,50,20,639,23,2,1,0,0,4.59,18,3,13227.3,11833.63,1393.67,11.61,2,1,0.3037037037037037,0,Medio
573,Persona natural,Fibra óptica,Fibra 500 Mbps,500,250,1456,46,2,2,0,0,2.25,18,1,30139.2,29653.41,485.79,3.14,3,0,0.0,0,Bajo
574,Persona natural,Cable,Cable 100 Mbps,100,20,704,55,2,1,0,0,1.97,18,2,14572.8,14432.42,140.38,3.71,3,0,0.0,0,Bajo
575,Persona natural,Fibra óptica,Fibra 500 Mbps,500,250,1537,20,2,2,0,0,1.58,18,0,31815.9,30822.74,993.16,0.75,3,0,0.0,0,Bajo
576,Persona natural,Inalámbrico,Inalámbrico 50 Mbps,50,20,623,20,2,1,0,0,4.03,18,4,12896.1,11811.77,1084.33,8.96,4,0,0.14,0,Bajo
577,Persona natural,Fibra óptica,Fibra 200 Mbps,200,100,969,56,2,2,0,0,1.21,18,0,20058.3,19826.23,232.07,0.44,2,0,0.0,0,Bajo
578,Persona natural,Cable,Cable 50 Mbps,50,10,578,35,2,2,1,0,6.52,18,4,11964.6,11302.58,662.02,11.45,3,0,0.0,0,Bajo
579,Empresa,Enlace dedicado,Dedicado 100 Mbps,100,100,3550,22,3,1,0,0,2.81,18,3,73485.0,70463.52,3021.48,4.64,1,0,0.11382113821138211,0,Bajo
580,Persona natural,Inalámbrico,Inalámbrico 50 Mbps,50,20,639,41,2,3,1,0,7.24,18,7,13227.3,11731.08,1496.22,13.56,2,0,0.3037037037037037,0,Medio
581,Persona natural,Cable,Cable 100 Mbps,100,20,756,27,2,1,0,0,2.15,18,4,15649.2,15549.8,99.4,0.02,3,0,0.0,0,Bajo
582,Persona natural,Cable,Cable 100 Mbps,100,20,729,53,2,2,1,0,2.32,18,1,15090.3,14931.55,158.75,4.8,2,0,0.2,0,Bajo
583,Persona natural,Fibra óptica,Fibra 500 Mbps,500,250,1530,7,2,9,3,3,19.6,7,2,12316.5,9528.79,2787.71,27.75,5,1,0.4722222222222222,0,Medio
584,Persona natural,Fibra óptica,Fibra 500 Mbps,500,250,1539,4,2,7,2,3,14.52,4,2,7079.4,4005.25,3074.15,29.04,8,1,1.0,1,Alto
585,Persona natural,Cable,Cable 100 Mbps,100,20,752,42,2,2,1,0,7.14,18,5,15566.4,14047.1,1519.3,11.05,2,0,0.3037037037037037,0,Medio
586,Empresa,Cable,Cable 100 Mbps,100,20,701,36,2,3,1,1,8.92,18,1,14510.7,10981.55,3529.15,6.47,4,1,0.9333333333333333,1,Alto
587,Persona natural,Cable,Cable 100 Mbps,100,20,767,52,2,0,0,0,0.0,18,5,15876.9,15798.89,78.01,0.09,2,0,0.0,0,Bajo
588,Persona natural,Fibra óptica,Fibra 100 Mbps,100,50,847,11,2,3,3,1,5.62,11,2,10714.55,8746.72,1967.83,16.15,7,1,1.0,1,Alto
589,Persona natural,Inalámbrico,Inalámbrico 50 Mbps,50,20,685,33,2,1,1,0,2.12,18,3,14179.5,11418.88,2760.62,10.57,4,0,0.3037037037037037,0,Medio
590,Persona natural,Fibra óptica,Fibra 500 Mbps,500,250,1486,27,2,3,0,0,3.92,18,5,30760.2,27792.7,2967.5,6.98,4,0,0.11382113821138211,0,Bajo
591,Persona natural,Fibra óptica,Fibra 100 Mbps,100,50,782,39,2,3,1,0,7.5,18,4,16187.4,14761.78,1425.62,14.36,4,0,0.3037037037037037,0,Medio
592,Persona natural,Inalámbrico,Inalámbrico 50 Mbps,50,20,680,17,2,4,1,0,3.72,17,6,13294.0,11830.94,1463.06,10.64,4,0,0.3037037037037037,0,Medio
593,Persona natural,Fibra óptica,Fibra 500 Mbps,500,250,1509,32,2,1,0,0,1.11,18,2,31236.3,30502.01,734.29,2.11,2,0,0.0,0,Bajo
594,Persona natural,Cable,Cable 100 Mbps,100,20,775,29,2,1,0,0,1.91,18,0,16042.5,15869.44,173.06,0.1,1,0,0.0,0,Bajo
595,Persona natural,Fibra óptica,Fibra 200 Mbps,200,100,986,35,2,1,0,0,1.77,18,3,20410.2,19438.9,971.3,2.98,2,0,0.0,0,Bajo
596,Empresa,Inalámbrico,Inalámbrico 20 Mbps,20,10,539,39,2,0,0,0,0.0,18,0,11157.3,11059.05,98.25,1.78,1,0,0.0,0,Bajo
597,Persona natural,Cable,Cable 100 Mbps,100,20,793,25,2,2,0,0,1.77,18,0,16415.1,15675.5,739.6,0.53,3,0,0.0,0,Bajo
598,Persona natural,Cable,Cable 50 Mbps,50,10,615,14,2,1,0,0,6.47,14,2,9901.5,8960.1,941.4,14.0,3,0,0.14,0,Bajo
599,Persona natural,Fibra óptica,Fibra 100 Mbps,100,50,805,37,2,5,0,1,3.55,18,4,16663.5,13344.97,3318.53,14.82,4,1,1.0,1,Alto
600,Persona natural,Inalámbrico,Inalámbrico 20 Mbps,20,10,503,20,2,2,0,0,2.62,18,2,10412.1,10203.64,208.46,2.84,1,0,0.0,0,Bajo
601,Persona natural,Inalámbrico,Inalámbrico 20 Mbps,20,10,491,42,2,3,1,1,6.66,18,4,10163.7,9072.11,1091.59,8.06,2,0,0.14,0,Bajo
602,Empresa,Enlace dedicado,Dedicado 100 Mbps,100,100,3498,34,3,1,0,0,1.71,18,2,72408.6,69744.18,2664.42,2.43,1,0,0.11382113821138211,0,Bajo
603,Empresa,Enlace dedicado,Dedicado 300 Mbps,300,300,6036,12,3,7,1,0,5.67,12,1,83296.8,61522.72,21774.08,24.6,7,1,1.0,1,Alto
604,Persona natural,Fibra óptica,Fibra 500 Mbps,500,250,1517,47,2,0,0,0,0.0,18,0,31401.9,30628.25,773.65,0.41,2,0,0.0,0,Bajo
605,Persona natural,Inalámbrico,Inalámbrico 20 Mbps,20,10,478,31,2,1,0,0,0.83,18,1,9894.6,9830.23,64.37,4.47,2,0,0.0,0,Bajo
606,Persona natural,Fibra óptica,Fibra 100 Mbps,100,50,783,35,2,0,0,0,0.0,18,1,16208.1,14622.37,1585.73,3.68,1,1,0.3037037037037037,0,Medio
607,Empresa,Fibra óptica,Fibra 200 Mbps,200,100,972,9,2,6,1,2,15.41,9,5,10060.2,7062.42,2997.78,16.79,9,1,1.0,1,Alto
608,Persona natural,Fibra óptica,Fibra 100 Mbps,100,50,753,23,2,6,1,1,13.16,18,9,15587.1,10619.72,4967.38,19.2,4,1,0.4722222222222222,0,Medio
609,Persona natural,Fibra óptica,Fibra 100 Mbps,100,50,781,28,2,3,1,1,3.17,18,5,16166.7,13323.39,2843.31,11.79,2,0,0.3037037037037037,0,Medio
610,Persona natural,Inalámbrico,Inalámbrico 50 Mbps,50,20,656,38,2,2,1,0,3.28,18,3,13579.2,11601.3,1977.9,14.16,4,0,0.3037037037037037,0,Medio
611,Persona natural,Cable,Cable 50 Mbps,50,10,645,36,2,2,0,0,1.71,18,2,13351.5,13011.5,340.0,3.1,2,0,0.0,0,Bajo
612,Persona natural,Cable,Cable 100 Mbps,100,20,793,51,2,0,0,0,0.0,18,2,16415.1,15648.45,766.65,0.83,2,0,0.0,0,Bajo
613,Persona natural,Fibra óptica,Fibra 100 Mbps,100,50,794,14,2,4,1,2,10.65,14,6,12783.4,10203.77,2579.63,24.57,10,1,0.6764705882352942,1,Alto
614,Persona natural,Cable,Cable 50 Mbps,50,10,643,55,2,2,0,0,2.4,18,4,13310.1,12790.42,519.68,2.17,3,0,0.0,0,Bajo
615,Persona natural,Fibra óptica,Fibra 100 Mbps,100,50,815,23,2,1,0,0,2.22,18,2,16870.5,16517.91,352.59,3.52,3,0,0.0,0,Bajo
616,Persona natural,Fibra óptica,Fibra 100 Mbps,100,50,819,26,2,1,0,0,2.58,18,2,16953.3,16775.01,178.29,1.79,3,0,0.0,0,Bajo
617,Empresa,Enlace dedicado,Dedicado 300 Mbps,300,300,5952,18,3,1,0,0,2.98,18,3,123206.4,117191.04,6015.36,0.43,3,0,0.4074074074074074,0,Medio
618,Persona natural,Inalámbrico,Inalámbrico 20 Mbps,20,10,544,19,2,2,0,0,6.39,18,2,11260.8,9284.93,1975.87,8.28,2,0,0.3037037037037037,0,Medio
619,Persona natural,Fibra óptica,Fibra 100 Mbps,100,50,762,57,2,0,0,0,0.0,18,1,15773.4,15511.7,261.7,0.37,2,0,0.0,0,Bajo
620,Persona natural,Cable,Cable 50 Mbps,50,10,593,16,2,5,1,2,11.13,16,5,10911.2,6516.19,4395.01,27.01,8,1,1.0,1,Alto
621,Persona natural,Inalámbrico,Inalámbrico 20 Mbps,20,10,545,42,2,2,0,0,0.99,18,0,11281.5,10978.93,302.57,0.01,3,0,0.0,0,Bajo
622,Persona natural,Inalámbrico,Inalámbrico 50 Mbps,50,20,635,50,2,2,0,0,1.96,18,3,13144.5,12952.74,191.76,0.25,2,0,0.0,0,Bajo
623,Persona natural,Fibra óptica,Fibra 200 Mbps,200,100,1012,27,2,0,0,0,0.0,18,2,20948.4,20023.29,925.11,0.53,3,0,0.0,0,Bajo
624,Persona natural,Inalámbrico,Inalámbrico 20 Mbps,20,10,520,34,2,0,0,0,7.3,18,4,10764.0,9581.24,1182.76,11.47,3,0,0.14,0,Bajo
625,Persona natural,Cable,Cable 100 Mbps,100,20,794,8,2,4,0,1,2.78,8,3,7304.8,6415.69,889.11,14.85,5,1,1.0,1,Alto
626,Persona natural,Fibra óptica,Fibra 500 Mbps,500,250,1478,20,2,1,0,0,1.03,18,2,30594.6,29959.88,634.72,3.95,1,0,0.0,0,Bajo
627,Persona natural,Cable,Cable 50 Mbps,50,10,582,43,2,2,0,0,1.77,18,1,12047.4,11664.28,383.12,4.9,3,0,0.0,0,Bajo
628,Empresa,Enlace dedicado,Dedicado 100 Mbps,100,100,3539,15,3,5,0,0,2.07,15,2,61047.75,51381.54,9666.21,11.01,2,0,0.4074074074074074,0,Medio
629,Persona natural,Fibra óptica,Fibra 100 Mbps,100,50,749,38,2,0,0,0,0.0,18,0,15504.3,15111.02,393.28,1.61,1,0,0.0,0,Bajo
630,Persona natural,Fibra óptica,Fibra 100 Mbps,100,50,792,31,2,3,0,1,6.7,18,3,16394.4,15360.51,1033.89,12.06,6,0,0.0,0,Bajo
631,Persona natural,Inalámbrico,Inalámbrico 20 Mbps,20,10,456,21,2,1,1,0,8.85,18,5,9439.2,7719.8,1719.4,8.0,6,1,0.3037037037037037,0,Medio
632,Persona natural,Fibra óptica,Fibra 100 Mbps,100,50,839,21,2,3,0,0,4.92,18,3,17367.3,13911.63,3455.67,12.46,3,0,0.11382113821138211,0,Bajo
633,Persona natural,Fibra óptica,Fibra 200 Mbps,200,100,1022,34,2,1,1,0,5.15,18,2,21155.4,18639.3,2516.1,13.32,4,0,0.11382113821138211,0,Bajo
634,Persona natural,Inalámbrico,Inalámbrico 20 Mbps,20,10,471,19,2,2,1,1,7.85,18,5,9749.7,8143.4,1606.3,13.28,4,0,0.3037037037037037,0,Medio
635,Empresa,Inalámbrico,Inalámbrico 50 Mbps,50,20,669,8,2,1,1,0,4.78,8,1,6154.8,5007.95,1146.85,14.09,5,0,0.14,0,Bajo
636,Persona natural,Fibra óptica,Fibra 100 Mbps,100,50,786,22,2,5,1,2,8.36,18,7,16270.2,12708.44,3561.76,24.24,4,0,0.4722222222222222,0,Medio
637,Persona natural,Fibra óptica,Fibra 200 Mbps,200,100,1018,23,2,0,0,0,0.0,18,1,21072.6,20808.05,264.55,2.93,3,0,0.0,0,Bajo
638,Persona natural,Fibra óptica,Fibra 100 Mbps,100,50,802,39,2,3,1,2,2.07,18,6,16601.4,13770.25,2831.15,14.49,2,0,0.3037037037037037,0,Medio
639,Persona natural,Inalámbrico,Inalámbrico 20 Mbps,20,10,491,40,2,0,0,0,0.0,18,1,10163.7,10122.61,41.09,2.96,1,0,0.0,0,Bajo
640,Persona natural,Inalámbrico,Inalámbrico 20 Mbps,20,10,517,59,2,0,0,0,0.0,18,0,10701.9,10481.44,220.46,1.39,1,0,0.0,0,Bajo
641,Empresa,Cable,Cable 100 Mbps,100,20,725,36,2,3,0,0,6.92,18,2,15007.5,13462.99,1544.51,4.9,2,0,0.3037037037037037,0,Medio
642,Empresa,Enlace dedicado,Dedicado 100 Mbps,100,100,3471,24,3,0,0,0,0.0,18,0,71849.7,70920.14,929.56,1.72,2,0,0.0,0,Bajo
643,Persona natural,Fibra óptica,Fibra 500 Mbps,500,250,1529,28,2,5,0,0,5.45,18,3,31650.3,28745.17,2905.13,12.43,5,0,0.11382113821138211,0,Bajo
644,Persona natural,Fibra óptica,Fibra 200 Mbps,200,100,1048,38,2,2,0,0,1.1,18,0,21693.6,19132.16,2561.44,1.87,1,1,0.11382113821138211,0,Bajo
645,Persona natural,Cable,Cable 100 Mbps,100,20,751,10,2,8,2,4,13.6,10,4,8636.5,7036.38,1600.12,20.78,8,1,0.3,0,Medio
646,Persona natural,Fibra óptica,Fibra 100 Mbps,100,50,751,22,2,5,0,1,5.77,18,6,15545.7,13601.45,1944.25,7.69,3,1,0.3037037037037037,0,Medio
647,Persona natural,Cable,Cable 100 Mbps,100,20,740,11,2,7,1,4,19.75,11,5,9361.0,7911.34,1449.66,10.56,5,0,0.3037037037037037,0,Medio
648,Persona natural,Cable,Cable 50 Mbps,50,10,615,31,2,4,1,0,7.53,18,4,12730.5,10658.77,2071.73,6.69,6,0,0.3037037037037037,0,Medio
649,Persona natural,Fibra óptica,Fibra 500 Mbps,500,250,1503,29,2,2,1,0,7.33,18,4,31112.1,23811.09,7301.01,8.78,2,1,0.4074074074074074,0,Medio
650,Persona natural,Fibra óptica,Fibra 500 Mbps,500,250,1548,55,2,2,1,0,2.08,18,2,32043.6,31004.43,1039.17,2.08,1,0,0.0,0,Bajo
651,Empresa,Cable,Cable 50 Mbps,50,10,619,22,2,0,0,0,0.99,18,2,12813.3,12447.1,366.2,1.69,2,0,0.0,0,Bajo
652,Persona natural,Fibra óptica,Fibra 200 Mbps,200,100,976,4,2,8,2,2,19.0,4,0,4489.6,3072.52,1417.08,0.16,5,0,0.11382113821138211,0,Bajo
653,Persona natural,Cable,Cable 100 Mbps,100,20,796,29,2,5,0,0,3.18,18,3,16477.2,15324.18,1153.02,9.54,6,0,0.14,0,Bajo
654,Persona natural,Fibra óptica,Fibra 200 Mbps,200,100,956,22,2,1,0,0,2.92,18,0,19789.2,19704.52,84.68,0.01,1,0,0.0,0,Bajo
655,Persona natural,Cable,Cable 100 Mbps,100,20,736,18,2,1,0,0,6.14,18,5,15235.2,12857.58,2377.62,10.29,3,0,0.3037037037037037,0,Medio
656,Empresa,Fibra óptica,Fibra 500 Mbps,500,250,1533,33,2,0,0,0,0.0,18,0,31733.1,30228.64,1504.46,0.76,3,0,0.11382113821138211,0,Bajo
657,Persona natural,Fibra óptica,Fibra 200 Mbps,200,100,1032,40,2,1,1,1,8.58,18,7,21362.4,17662.23,3700.17,13.0,2,1,0.11382113821138211,0,Bajo
658,Persona natural,Fibra óptica,Fibra 100 Mbps,100,50,807,8,2,8,3,2,5.03,8,3,7424.4,5635.97,1788.43,26.49,8,0,0.6764705882352942,1,Alto
659,Persona natural,Fibra óptica,Fibra 200 Mbps,200,100,1002,30,2,2,0,0,1.39,18,2,20741.4,19797.69,943.71,4.63,2,0,0.0,0,Bajo
660,Persona natural,Fibra óptica,Fibra 500 Mbps,500,250,1521,46,2,1,0,0,0.93,18,2,31484.7,30980.42,504.28,4.85,3,0,0.0,0,Bajo
661,Empresa,Fibra óptica,Fibra 200 Mbps,200,100,964,40,2,2,0,0,1.35,18,1,19954.8,19860.09,94.71,0.67,2,0,0.0,0,Bajo
662,Persona natural,Fibra óptica,Fibra 200 Mbps,200,100,1001,16,2,1,1,0,2.51,16,1,18418.4,16229.71,2188.69,14.67,5,0,0.11382113821138211,0,Bajo
663,Persona natural,Fibra óptica,Fibra 500 Mbps,500,250,1548,35,2,1,1,1,3.78,18,5,32043.6,29410.11,2633.49,10.4,3,1,0.11382113821138211,0,Bajo
664,Persona natural,Inalámbrico,Inalámbrico 20 Mbps,20,10,478,10,2,3,0,1,7.68,10,0,5497.0,5021.03,475.97,11.37,5,0,0.0,0,Bajo
665,Persona natural,Fibra óptica,Fibra 500 Mbps,500,250,1478,19,2,2,0,0,1.74,18,1,30594.6,29751.06,843.54,2.04,1,0,0.0,0,Bajo
666,Empresa,Enlace dedicado,Dedicado 300 Mbps,300,300,5950,27,3,2,1,1,3.14,18,7,123165.0,115980.22,7184.78,11.93,3,0,0.4074074074074074,0,Medio
667,Persona natural,Fibra óptica,Fibra 200 Mbps,200,100,975,37,2,1,0,0,3.29,18,5,20182.5,18743.48,1439.02,3.86,4,0,0.11382113821138211,0,Bajo
668,Persona natural,Inalámbrico,Inalámbrico 20 Mbps,20,10,470,52,2,1,0,0,1.64,18,2,9729.0,8867.98,861.02,0.25,2,1,1.0,1,Alto
669,Persona natural,Fibra óptica,Fibra 500 Mbps,500,250,1488,7,2,8,2,3,15.21,7,2,11978.4,7467.4,4511.0,21.82,8,1,1.0,1,Alto
670,Persona natural,Cable,Cable 50 Mbps,50,10,590,18,2,5,1,1,8.07,18,3,12213.0,11803.11,409.89,11.59,3,0,0.0,0,Bajo
671,Persona natural,Inalámbrico,Inalámbrico 20 Mbps,20,10,529,26,2,2,0,1,8.37,18,5,10950.3,10022.6,927.7,8.71,5,0,0.14,0,Bajo
672,Persona natural,Inalámbrico,Inalámbrico 20 Mbps,20,10,456,52,2,2,0,0,2.82,18,0,9439.2,9427.98,11.22,0.28,1,0,0.0,0,Bajo
673,Persona natural,Cable,Cable 50 Mbps,50,10,620,46,2,0,0,0,0.0,18,3,12834.0,12331.14,502.86,0.22,1,0,0.0,0,Bajo
674,Persona natural,Fibra óptica,Fibra 100 Mbps,100,50,767,15,2,5,1,1,10.57,15,3,13230.75,8961.67,4269.08,14.01,7,0,0.6764705882352942,1,Alto
675,Persona natural,Cable,Cable 100 Mbps,100,20,776,36,2,2,0,0,1.93,18,1,16063.2,15821.78,241.42,1.9,1,0,0.0,0,Bajo
676,Persona natural,Fibra óptica,Fibra 200 Mbps,200,100,988,52,2,1,1,1,1.79,18,4,20451.6,19783.71,667.89,2.2,3,0,0.0,0,Bajo
677,Persona natural,Fibra óptica,Fibra 200 Mbps,200,100,1024,38,2,1,0,0,2.36,18,1,21196.8,20565.79,631.01,1.07,2,0,0.0,0,Bajo
678,Persona natural,Fibra óptica,Fibra 500 Mbps,500,250,1540,39,2,3,1,0,5.28,18,5,31878.0,26655.08,5222.92,11.19,3,0,0.11382113821138211,0,Bajo
679,Persona natural,Fibra óptica,Fibra 200 Mbps,200,100,1020,26,2,1,0,0,1.67,18,2,21114.0,20257.72,856.28,3.81,2,0,0.0,0,Bajo
680,Empresa,Fibra óptica,Fibra 100 Mbps,100,50,826,55,2,2,0,0,2.56,18,1,17098.2,16425.77,672.43,0.77,2,0,0.0,0,Bajo
681,Persona natural,Fibra óptica,Fibra 200 Mbps,200,100,1012,36,2,4,1,0,6.9,18,2,20948.4,19280.28,1668.12,11.74,2,0,0.11382113821138211,0,Bajo
682,Persona natural,Cable,Cable 50 Mbps,50,10,609,41,2,2,0,0,1.1,18,0,12606.3,12351.03,255.27,1.29,3,0,0.0,0,Bajo
683,Persona natural,Inalámbrico,Inalámbrico 50 Mbps,50,20,672,49,2,2,0,0,1.41,18,2,13910.4,13393.81,516.59,1.91,3,0,0.0,0,Bajo
684,Persona natural,Cable,Cable 100 Mbps,100,20,782,12,2,1,1,0,5.94,12,4,10791.6,9805.53,986.07,12.92,4,1,0.14,0,Bajo
685,Persona natural,Cable,Cable 100 Mbps,100,20,788,49,2,0,0,0,0.0,18,2,16311.6,15745.54,566.06,3.74,3,0,0.0,0,Bajo
686,Persona natural,Fibra óptica,Fibra 100 Mbps,100,50,845,14,2,8,2,3,14.31,14,7,13604.5,8412.84,5191.66,28.39,7,1,1.0,1,Alto
687,Persona natural,Cable,Cable 50 Mbps,50,10,594,14,2,2,1,0,2.05,14,2,9563.4,8902.31,661.09,10.06,5,0,0.0,0,Bajo
688,Persona natural,Fibra óptica,Fibra 200 Mbps,200,100,974,51,2,1,0,0,0.84,18,2,20161.8,19692.71,469.09,0.15,1,0,0.0,0,Bajo
689,Persona natural,Inalámbrico,Inalámbrico 20 Mbps,20,10,523,8,2,5,1,0,7.75,8,2,4811.6,4093.71,717.89,13.97,6,0,0.0,0,Bajo
690,Persona natural,Cable,Cable 50 Mbps,50,10,587,40,2,1,1,0,6.47,18,3,12150.9,10009.73,2141.17,9.25,3,0,0.3037037037037037,0,Medio
691,Persona natural,Fibra óptica,Fibra 200 Mbps,200,100,954,22,2,1,1,0,5.3,18,2,19747.8,17524.82,2222.98,14.25,6,0,0.11382113821138211,0,Bajo
692,Persona natural,Fibra óptica,Fibra 200 Mbps,200,100,1003,19,2,2,0,0,1.63,18,0,20762.1,20517.48,244.62,0.94,3,0,0.0,0,Bajo
693,Persona natural,Fibra óptica,Fibra 500 Mbps,500,250,1492,54,2,1,0,0,2.64,18,2,30884.4,30574.71,309.69,2.71,2,0,0.0,0,Bajo
694,Persona natural,Cable,Cable 50 Mbps,50,10,606,22,2,6,3,2,6.16,18,8,12544.2,8518.42,4025.78,19.26,10,0,0.3,0,Medio
695,Empresa,Cable,Cable 50 Mbps,50,10,559,8,2,5,3,2,5.42,8,3,5142.8,3668.51,1474.29,19.24,10,1,1.0,1,Alto
696,Persona natural,Cable,Cable 50 Mbps,50,10,598,10,2,1,0,0,2.92,10,1,6877.0,6556.26,320.74,14.06,5,0,0.0,0,Bajo
697,Persona natural,Cable,Cable 100 Mbps,100,20,777,44,2,2,0,0,2.99,18,3,16083.9,15664.46,419.44,3.02,1,0,0.0,0,Bajo
698,Persona natural,Fibra óptica,Fibra 500 Mbps,500,250,1454,37,2,1,0,0,1.03,18,2,30097.8,28649.3,1448.5,3.19,1,0,0.11382113821138211,0,Bajo
699,Persona natural,Fibra óptica,Fibra 200 Mbps,200,100,978,58,2,1,0,0,1.59,18,2,20244.6,19352.85,891.75,2.91,3,0,0.0,0,Bajo
700,Persona natural,Inalámbrico,Inalámbrico 20 Mbps,20,10,534,8,2,9,2,4,18.83,8,5,4912.8,3636.69,1276.11,13.44,9,1,0.14,0,Bajo
701,Empresa,Enlace dedicado,Dedicado 300 Mbps,300,300,6010,12,3,7,1,3,9.02,12,8,82938.0,48514.87,34423.13,26.43,8,1,0.45,0,Medio
702,Persona natural,Fibra óptica,Fibra 500 Mbps,500,250,1520,10,2,9,2,3,8.62,10,3,17480.0,11099.32,6380.68,27.6,5,0,0.4722222222222222,0,Medio
703,Persona natural,Cable,Cable 50 Mbps,50,10,601,45,2,0,0,0,0.0,18,2,12440.7,12372.96,67.74,2.44,1,0,0.0,0,Bajo
704,Persona natural,Fibra óptica,Fibra 500 Mbps,500,250,1468,24,2,6,2,3,10.26,18,10,30387.6,22296.53,8091.07,12.02,7,1,0.45,0,Medio
705,Persona natural,Fibra óptica,Fibra 500 Mbps,500,250,1526,5,2,4,1,0,5.04,5,3,8774.5,7814.25,960.25,25.15,5,0,0.0,0,Bajo
706,Persona natural,Fibra óptica,Fibra 200 Mbps,200,100,1017,42,2,2,0,0,8.7,18,5,21051.9,16891.49,4160.41,6.87,2,0,0.11382113821138211,0,Bajo
707,Persona natural,Fibra óptica,Fibra 200 Mbps,200,100,955,51,2,1,0,0,2.39,18,0,19768.5,19198.42,570.08,0.26,3,0,0.0,0,Bajo
708,Persona natural,Inalámbrico,Inalámbrico 50 Mbps,50,20,599,27,2,2,0,0,1.34,18,4,12399.3,11838.75,560.55,3.94,3,0,0.0,0,Bajo
709,Persona natural,Fibra óptica,Fibra 500 Mbps,500,250,1543,55,2,2,0,0,2.69,18,3,31940.1,30463.71,1476.39,3.79,2,0,0.11382113821138211,0,Bajo
710,Persona natural,Fibra óptica,Fibra 200 Mbps,200,100,1031,29,2,1,0,0,2.94,18,1,21341.7,21053.25,288.45,2.92,1,0,0.0,0,Bajo
711,Persona natural,Inalámbrico,Inalámbrico 20 Mbps,20,10,480,25,2,5,1,0,4.34,18,3,9936.0,8631.74,1304.26,9.98,3,0,0.14,0,Bajo
712,Empresa,Enlace dedicado,Dedicado 300 Mbps,300,300,6005,38,3,2,0,0,2.08,18,0,124303.5,123893.37,410.13,1.9,3,0,0.0,0,Bajo
713,Persona natural,Inalámbrico,Inalámbrico 20 Mbps,20,10,485,44,2,1,0,0,1.34,18,0,10039.5,9010.49,1029.01,0.06,3,1,1.0,1,Alto
714,Persona natural,Fibra óptica,Fibra 200 Mbps,200,100,1048,18,2,0,0,0,0.0,18,0,21693.6,21518.24,175.36,1.5,2,0,0.0,0,Bajo
715,Persona natural,Fibra óptica,Fibra 500 Mbps,500,250,1545,43,2,0,0,0,0.0,18,0,31981.5,31038.04,943.46,1.98,1,0,0.0,0,Bajo
716,Persona natural,Fibra óptica,Fibra 100 Mbps,100,50,798,24,2,0,0,0,0.0,18,1,16518.6,16348.93,169.67,1.41,2,0,0.0,0,Bajo
717,Persona natural,Fibra óptica,Fibra 100 Mbps,100,50,758,35,2,4,0,2,4.8,18,5,15690.6,14208.52,1482.08,3.47,4,0,0.3037037037037037,0,Medio
718,Persona natural,Cable,Cable 100 Mbps,100,20,794,14,2,5,3,5,12.17,14,7,12783.4,9245.33,3538.07,26.65,9,1,0.3,0,Medio
719,Empresa,Enlace dedicado,Dedicado 100 Mbps,100,100,3487,13,3,1,0,0,5.22,13,3,52130.65,50247.55,1883.1,3.45,4,0,0.11382113821138211,0,Bajo
720,Persona natural,Cable,Cable 50 Mbps,50,10,564,22,2,6,1,5,18.8,18,7,11674.8,8655.85,3018.95,21.14,5,1,0.4722222222222222,0,Medio
721,Persona natural,Cable,Cable 50 Mbps,50,10,626,13,2,8,3,3,11.77,13,7,9358.7,6342.36,3016.34,27.23,9,0,0.3,0,Medio
722,Empresa,Fibra óptica,Fibra 500 Mbps,500,250,1463,32,2,0,0,0,0.0,18,2,30284.1,28982.97,1301.13,2.36,2,0,0.0,0,Bajo
723,Persona natural,Inalámbrico,Inalámbrico 50 Mbps,50,20,683,28,2,0,0,0,0.0,18,2,14138.1,14060.27,77.83,0.51,1,0,0.0,0,Bajo
724,Persona natural,Inalámbrico,Inalámbrico 50 Mbps,50,20,639,20,2,3,1,0,6.14,18,6,13227.3,11127.33,2099.97,3.93,2,0,0.3037037037037037,0,Medio
725,Persona natural,Fibra óptica,Fibra 100 Mbps,100,50,832,24,2,3,1,0,8.19,18,2,17222.4,15594.82,1627.58,13.86,3,0,0.3037037037037037,0,Medio
726,Persona natural,Cable,Cable 50 Mbps,50,10,625,22,2,4,2,0,16.76,18,7,12937.5,8788.08,4149.42,17.95,8,1,1.0,1,Alto
727,Persona natural,Fibra óptica,Fibra 200 Mbps,200,100,1005,44,2,0,0,0,0.0,18,1,20803.5,20598.28,205.22,4.06,1,0,0.0,0,Bajo
728,Persona natural,Fibra óptica,Fibra 500 Mbps,500,250,1471,31,2,1,0,0,1.4,18,0,30449.7,29291.34,1158.36,1.53,2,0,0.0,0,Bajo
729,Persona natural,Fibra óptica,Fibra 500 Mbps,500,250,1494,19,2,2,0,0,7.67,18,6,30925.8,29499.48,1426.32,7.31,6,0,0.11382113821138211,0,Bajo
730,Persona natural,Cable,Cable 50 Mbps,50,10,549,43,2,0,0,0,0.0,18,2,11364.3,11139.4,224.9,0.42,1,0,0.0,0,Bajo
731,Persona natural,Inalámbrico,Inalámbrico 20 Mbps,20,10,492,45,2,0,0,0,0.0,18,0,10184.4,9744.8,439.6,0.47,2,0,0.0,0,Bajo
732,Empresa,Fibra óptica,Fibra 100 Mbps,100,50,785,29,2,4,1,1,7.18,18,5,16249.5,13238.66,3010.84,11.4,6,0,0.3037037037037037,0,Medio
733,Persona natural,Inalámbrico,Inalámbrico 20 Mbps,20,10,528,21,2,0,0,0,0.0,18,0,10929.6,10776.84,152.76,1.29,1,0,0.0,0,Bajo
734,Persona natural,Inalámbrico,Inalámbrico 50 Mbps,50,20,618,27,2,2,0,1,3.71,18,2,12792.6,11301.64,1490.96,9.64,4,0,0.3037037037037037,0,Medio
735,Persona natural,Fibra óptica,Fibra 500 Mbps,500,250,1475,51,2,0,0,0,0.0,18,2,30532.5,30239.08,293.42,1.24,1,0,0.0,0,Bajo
736,Empresa,Enlace dedicado,Dedicado 300 Mbps,300,300,6002,34,3,2,0,0,1.74,18,0,124241.4,122692.69,1548.71,1.75,1,0,0.11382113821138211,0,Bajo
737,Persona natural,Inalámbrico,Inalámbrico 20 Mbps,20,10,451,23,2,7,3,3,18.03,18,7,9335.7,7242.62,2093.08,8.53,9,1,0.6764705882352942,1,Alto
738,Persona natural,Cable,Cable 100 Mbps,100,20,786,27,2,0,0,0,0.0,18,2,16270.2,15460.22,809.98,0.34,1,0,0.0,0,Bajo
739,Persona natural,Inalámbrico,Inalámbrico 50 Mbps,50,20,605,51,2,1,0,0,1.65,18,1,12523.5,12321.36,202.14,3.03,2,0,0.0,0,Bajo
740,Persona natural,Cable,Cable 100 Mbps,100,20,746,17,2,6,3,2,6.4,17,6,14584.3,11275.46,3308.84,24.66,8,0,0.3,0,Medio
741,Persona natural,Fibra óptica,Fibra 100 Mbps,100,50,783,23,2,1,1,0,8.26,18,3,16208.1,14104.86,2103.24,3.43,4,1,0.3037037037037037,0,Medio
742,Persona natural,Inalámbrico,Inalámbrico 20 Mbps,20,10,462,43,2,2,0,0,2.35,18,1,9563.4,9429.23,134.17,4.32,2,0,0.0,0,Bajo
743,Persona natural,Fibra óptica,Fibra 500 Mbps,500,250,1531,52,2,0,0,0,0.0,18,1,31691.7,30630.43,1061.27,4.07,3,0,0.0,0,Bajo
744,Empresa,Enlace dedicado,Dedicado 100 Mbps,100,100,3450,17,3,5,1,0,6.15,17,4,67447.5,64116.95,3330.55,13.11,3,0,0.11382113821138211,0,Bajo
745,Empresa,Cable,Cable 50 Mbps,50,10,609,48,2,1,0,0,1.06,18,3,12606.3,12008.65,597.65,3.69,3,0,0.0,0,Bajo
746,Empresa,Enlace dedicado,Dedicado 300 Mbps,300,300,5965,38,3,1,1,0,6.27,18,4,123475.5,106432.17,17043.33,12.36,4,0,0.4074074074074074,0,Medio
747,Persona natural,Cable,Cable 100 Mbps,100,20,708,34,2,0,0,0,0.0,18,3,14655.6,14292.08,363.52,0.67,3,0,0.0,0,Bajo
748,Persona natural,Cable,Cable 50 Mbps,50,10,592,56,2,1,0,0,1.25,18,0,12254.4,11655.74,598.66,0.42,2,0,0.0,0,Bajo
749,Persona natural,Cable,Cable 50 Mbps,50,10,603,31,2,2,0,0,3.85,18,4,12482.1,10428.05,2054.05,4.72,6,0,0.3037037037037037,0,Medio
750,Persona natural,Inalámbrico,Inalámbrico 20 Mbps,20,10,538,20,2,2,1,0,8.37,18,3,11136.6,10127.94,1008.66,14.38,5,0,0.14,0,Bajo
751,Persona natural,Cable,Cable 100 Mbps,100,20,795,29,2,2,0,0,1.31,18,1,16456.5,16207.52,248.98,0.51,2,0,0.0,0,Bajo
752,Persona natural,Inalámbrico,Inalámbrico 50 Mbps,50,20,610,5,2,6,3,2,18.95,5,2,3507.5,2159.98,1347.52,21.34,8,1,0.6764705882352942,1,Alto
753,Persona natural,Inalámbrico,Inalámbrico 50 Mbps,50,20,692,7,2,7,2,1,13.14,7,3,5570.6,4222.46,1348.14,18.12,5,1,1.0,1,Alto
754,Persona natural,Cable,Cable 50 Mbps,50,10,614,50,2,0,0,0,0.0,18,1,12709.8,12469.89,239.91,2.4,3,0,0.0,0,Bajo
755,Persona natural,Fibra óptica,Fibra 500 Mbps,500,250,1452,20,2,5,1,0,8.59,18,1,30056.4,25215.05,4841.35,10.82,4,1,0.11382113821138211,0,Bajo
756,Persona natural,Inalámbrico,Inalámbrico 20 Mbps,20,10,472,51,2,1,0,0,1.57,18,3,9770.4,9354.78,415.62,0.91,2,0,0.0,0,Bajo
757,Persona natural,Inalámbrico,Inalámbrico 20 Mbps,20,10,520,9,2,5,0,1,2.14,9,0,5382.0,4977.88,404.12,0.58,3,0,0.0,0,Bajo
758,Persona natural,Inalámbrico,Inalámbrico 20 Mbps,20,10,546,25,2,3,1,0,4.86,18,0,11302.2,10718.31,583.89,1.01,5,0,0.0,0,Bajo
759,Persona natural,Fibra óptica,Fibra 500 Mbps,500,250,1532,21,2,8,3,3,7.31,18,4,31712.4,27271.27,4441.13,8.7,10,0,0.45,0,Medio
760,Empresa,Enlace dedicado,Dedicado 100 Mbps,100,100,3518,35,3,1,0,0,0.82,18,1,72822.6,69412.45,3410.15,0.69,2,0,0.11382113821138211,0,Bajo
761,Persona natural,Inalámbrico,Inalámbrico 20 Mbps,20,10,538,58,2,0,0,0,0.0,18,1,11136.6,10983.41,153.19,0.5,2,0,0.0,0,Bajo
762,Persona natural,Inalámbrico,Inalámbrico 50 Mbps,50,20,620,33,2,3,0,1,5.04,18,3,12834.0,10471.78,2362.22,8.72,5,0,0.3037037037037037,0,Medio
763,Persona natural,Inalámbrico,Inalámbrico 20 Mbps,20,10,477,18,2,9,1,4,17.65,18,8,9873.9,5408.84,4465.06,9.84,10,1,0.6764705882352942,1,Alto
764,Persona natural,Cable,Cable 100 Mbps,100,20,775,29,2,1,1,0,8.59,18,3,16042.5,12938.94,3103.56,9.02,4,0,0.3037037037037037,0,Medio
765,Persona natural,Fibra óptica,Fibra 200 Mbps,200,100,996,56,2,0,0,0,0.0,18,1,20617.2,19674.05,943.15,4.25,2,0,0.0,0,Bajo
766,Persona natural,Fibra óptica,Fibra 200 Mbps,200,100,959,20,2,2,0,0,2.96,18,2,19851.3,19596.85,254.45,3.66,2,0,0.0,0,Bajo
767,Persona natural,Cable,Cable 100 Mbps,100,20,730,43,2,2,0,0,1.77,18,3,15111.0,14359.89,751.11,3.88,3,0,0.0,0,Bajo
768,Persona natural,Cable,Cable 100 Mbps,100,20,703,31,2,2,0,0,2.74,18,1,14552.1,13894.53,657.57,0.38,1,0,0.0,0,Bajo
769,Persona natural,Fibra óptica,Fibra 100 Mbps,100,50,845,38,2,0,0,0,0.0,18,1,17491.5,16811.31,680.19,4.21,1,0,0.0,0,Bajo
770,Persona natural,Inalámbrico,Inalámbrico 20 Mbps,20,10,510,23,2,4,0,0,5.0,18,3,10557.0,9018.63,1538.37,4.32,3,1,0.3037037037037037,0,Medio
771,Persona natural,Fibra óptica,Fibra 500 Mbps,500,250,1495,24,2,3,1,1,4.37,18,3,30946.5,25908.07,5038.43,3.3,2,0,0.11382113821138211,0,Bajo
772,Persona natural,Inalámbrico,Inalámbrico 50 Mbps,50,20,666,48,2,2,0,0,1.16,18,1,13786.2,13528.54,257.66,0.51,1,0,0.0,0,Bajo
773,Persona natural,Cable,Cable 100 Mbps,100,20,793,44,2,0,0,0,0.0,18,2,16415.1,15780.67,634.43,4.21,2,0,0.0,0,Bajo
774,Empresa,Inalámbrico,Inalámbrico 20 Mbps,20,10,525,25,2,2,0,0,0.93,18,1,10867.5,10678.41,189.09,4.24,2,0,0.0,0,Bajo
775,Persona natural,Inalámbrico,Inalámbrico 50 Mbps,50,20,692,41,2,3,1,0,6.2,18,3,14324.4,12653.13,1671.27,7.88,4,1,0.3037037037037037,0,Medio
776,Persona natural,Cable,Cable 100 Mbps,100,20,758,41,2,1,0,0,2.71,18,1,15690.6,15551.97,138.63,2.5,2,0,0.0,0,Bajo
777,Persona natural,Fibra óptica,Fibra 200 Mbps,200,100,963,42,2,0,0,0,0.0,18,1,19934.1,19278.02,656.08,2.11,3,0,0.0,0,Bajo
778,Empresa,Inalámbrico,Inalámbrico 50 Mbps,50,20,614,17,2,4,1,1,4.26,17,3,12003.7,10343.91,1659.79,3.45,4,1,0.3037037037037037,0,Medio
779,Persona natural,Fibra óptica,Fibra 500 Mbps,500,250,1461,21,2,5,1,1,2.06,18,3,30242.7,26679.73,3562.97,12.32,5,0,0.11382113821138211,0,Bajo
780,Persona natural,Cable,Cable 50 Mbps,50,10,614,12,2,1,0,0,6.35,12,2,8473.2,8139.92,333.28,4.13,3,0,0.0,0,Bajo
781,Persona natural,Inalámbrico,Inalámbrico 50 Mbps,50,20,606,17,2,9,1,6,9.45,17,6,11847.3,8588.8,3258.5,14.03,8,0,0.6764705882352942,1,Alto
782,Persona natural,Fibra óptica,Fibra 200 Mbps,200,100,1028,52,2,2,0,0,1.83,18,1,21279.6,20402.27,877.33,3.17,2,0,0.0,0,Bajo
783,Persona natural,Inalámbrico,Inalámbrico 20 Mbps,20,10,503,19,2,2,1,0,2.65,18,6,10412.1,8952.26,1459.84,9.47,4,1,0.3037037037037037,0,Medio
784,Persona natural,Inalámbrico,Inalámbrico 20 Mbps,20,10,516,42,2,1,0,0,0.88,18,1,10681.2,10426.49,254.71,3.11,2,0,0.0,0,Bajo
785,Persona natural,Inalámbrico,Inalámbrico 20 Mbps,20,10,450,11,2,8,2,2,9.92,11,3,5692.5,4264.45,1428.05,16.84,6,1,1.0,1,Alto
786,Persona natural,Cable,Cable 100 Mbps,100,20,773,34,2,1,1,0,1.81,18,1,16001.1,15303.31,697.79,1.69,3,1,0.2,0,Bajo
787,Persona natural,Cable,Cable 50 Mbps,50,10,611,13,2,6,3,1,18.31,13,5,9134.45,5123.32,4011.13,27.83,7,1,0.3,0,Medio
788,Persona natural,Inalámbrico,Inalámbrico 20 Mbps,20,10,517,55,2,0,0,0,0.0,18,0,10701.9,10443.61,258.29,0.58,2,0,0.0,0,Bajo
789,Empresa,Fibra óptica,Fibra 200 Mbps,200,100,990,20,2,6,1,3,13.67,18,7,20493.0,13914.29,6578.71,22.96,8,1,1.0,1,Alto
790,Persona natural,Cable,Cable 50 Mbps,50,10,644,33,2,0,0,0,0.0,18,0,13330.8,12922.96,407.84,1.89,1,0,0.0,0,Bajo
791,Persona natural,Cable,Cable 100 Mbps,100,20,776,49,2,1,0,0,2.5,18,0,16063.2,15472.99,590.21,0.3,2,0,0.0,0,Bajo
792,Persona natural,Cable,Cable 100 Mbps,100,20,755,30,2,2,1,1,5.3,18,4,15628.5,14248.95,1379.55,7.39,3,0,0.3037037037037037,0,Medio
793,Persona natural,Cable,Cable 50 Mbps,50,10,604,20,2,2,0,0,2.48,18,1,12502.8,11941.3,561.5,4.43,1,0,0.0,0,Bajo
794,Empresa,Fibra óptica,Fibra 100 Mbps,100,50,788,37,2,1,0,0,1.92,18,1,16311.6,16000.72,310.88,1.38,3,0,0.0,0,Bajo
795,Persona natural,Cable,Cable 100 Mbps,100,20,789,29,2,1,0,0,0.84,18,3,16332.3,15792.99,539.31,1.31,2,0,0.0,0,Bajo
796,Persona natural,Cable,Cable 100 Mbps,100,20,732,36,2,0,0,0,0.0,18,0,15152.4,14549.0,603.4,0.73,1,0,0.0,0,Bajo
797,Persona natural,Fibra óptica,Fibra 200 Mbps,200,100,983,44,2,1,0,0,1.26,18,1,20348.1,20152.4,195.7,4.2,3,0,0.0,0,Bajo
798,Persona natural,Fibra óptica,Fibra 200 Mbps,200,100,976,42,2,2,0,0,7.34,18,3,20203.2,17717.87,2485.33,13.08,6,1,0.11382113821138211,0,Bajo
799,Persona natural,Cable,Cable 50 Mbps,50,10,573,36,2,0,0,0,0.0,18,3,11861.1,11707.14,153.96,1.8,1,0,0.0,0,Bajo
800,Persona natural,Inalámbrico,Inalámbrico 20 Mbps,20,10,539,45,2,0,0,0,0.0,18,1,11157.3,11141.51,15.79,4.59,3,0,0.0,0,Bajo
801,Persona natural,Fibra óptica,Fibra 100 Mbps,100,50,756,51,2,3,0,0,1.09,18,1,15649.2,15596.3,52.9,0.43,3,0,0.0,0,Bajo
802,Persona natural,Inalámbrico,Inalámbrico 20 Mbps,20,10,530,40,2,1,0,0,2.18,18,2,10971.0,10793.76,177.24,2.56,1,0,0.0,0,Bajo
803,Persona natural,Inalámbrico,Inalámbrico 20 Mbps,20,10,515,33,2,1,1,1,5.87,18,1,10660.5,9239.07,1421.43,11.25,3,0,0.3037037037037037,0,Medio
804,Persona natural,Fibra óptica,Fibra 500 Mbps,500,250,1504,26,2,0,0,0,0.0,18,1,31132.8,29728.22,1404.58,3.63,3,0,0.11382113821138211,0,Bajo
805,Persona natural,Cable,Cable 100 Mbps,100,20,734,18,2,4,3,3,16.4,18,11,15193.8,10195.25,4998.55,24.18,9,1,1.0,1,Alto
806,Persona natural,Fibra óptica,Fibra 200 Mbps,200,100,965,16,2,7,1,1,17.52,16,6,17756.0,9226.74,8529.26,19.31,6,1,0.4722222222222222,0,Medio
807,Persona natural,Cable,Cable 50 Mbps,50,10,601,39,2,5,0,0,3.88,18,4,12440.7,11403.04,1037.66,11.47,4,0,0.14,0,Bajo
808,Empresa,Enlace dedicado,Dedicado 300 Mbps,300,300,5991,15,3,1,1,0,4.34,15,1,103344.75,91535.94,11808.81,5.2,4,0,0.4074074074074074,0,Medio
809,Persona natural,Inalámbrico,Inalámbrico 50 Mbps,50,20,693,38,2,2,0,0,1.18,18,2,14345.1,14197.08,148.02,0.98,2,0,0.0,0,Bajo
810,Persona natural,Fibra óptica,Fibra 200 Mbps,200,100,996,20,2,7,2,3,13.79,18,6,20617.2,17232.41,3384.79,24.26,7,1,0.45,0,Medio
811,Persona natural,Fibra óptica,Fibra 200 Mbps,200,100,959,30,2,3,0,0,5.18,18,4,19851.3,17803.0,2048.3,4.2,4,0,0.11382113821138211,0,Bajo
812,Persona natural,Cable,Cable 100 Mbps,100,20,785,35,2,1,0,0,2.52,18,0,16249.5,15934.87,314.63,1.3,2,0,0.0,0,Bajo
813,Empresa,Cable,Cable 50 Mbps,50,10,633,49,2,0,0,0,0.0,18,4,13103.1,12528.57,574.53,1.67,2,0,0.0,0,Bajo
814,Persona natural,Fibra óptica,Fibra 500 Mbps,500,250,1479,60,2,0,0,0,0.0,18,0,30615.3,29448.53,1166.77,0.29,3,0,0.0,0,Bajo
815,Persona natural,Inalámbrico,Inalámbrico 20 Mbps,20,10,544,30,2,4,1,0,4.82,18,3,11260.8,9192.45,2068.35,11.75,3,0,0.3037037037037037,0,Medio
816,Persona natural,Inalámbrico,Inalámbrico 20 Mbps,20,10,480,26,2,2,1,0,6.0,18,6,9936.0,9284.18,651.82,6.24,2,0,0.0,0,Bajo
817,Persona natural,Fibra óptica,Fibra 500 Mbps,500,250,1536,24,2,1,0,0,2.45,18,2,31795.2,31054.34,740.86,1.07,2,0,0.0,0,Bajo
818,Persona natural,Fibra óptica,Fibra 100 Mbps,100,50,845,30,2,2,1,0,0.9,18,0,17491.5,17468.23,23.27,1.34,2,0,0.0,0,Bajo
819,Persona natural,Fibra óptica,Fibra 500 Mbps,500,250,1548,35,2,3,0,1,7.95,18,3,32043.6,27072.2,4971.4,10.89,3,0,0.11382113821138211,0,Bajo
820,Empresa,Inalámbrico,Inalámbrico 50 Mbps,50,20,681,52,2,2,0,0,1.53,18,0,14096.7,13882.63,214.07,0.17,3,0,0.0,0,Bajo
821,Persona natural,Fibra óptica,Fibra 500 Mbps,500,250,1467,11,2,2,0,0,7.86,11,1,18557.55,15471.72,3085.83,6.88,5,0,0.11382113821138211,0,Bajo
822,Persona natural,Cable,Cable 100 Mbps,100,20,725,42,2,0,0,0,0.0,18,2,15007.5,13767.3,1240.2,0.93,1,1,1.0,1,Alto
823,Persona natural,Cable,Cable 100 Mbps,100,20,749,53,2,0,0,0,0.0,18,1,15504.3,15257.57,246.73,1.93,3,0,0.0,0,Bajo
824,Empresa,Inalámbrico,Inalámbrico 50 Mbps,50,20,661,8,2,2,1,1,8.99,8,3,6081.2,5269.45,811.75,14.45,6,0,0.0,0,Bajo
825,Empresa,Enlace dedicado,Dedicado 100 Mbps,100,100,3531,16,3,9,1,5,15.62,16,7,64970.4,43008.4,21962.0,14.85,7,1,0.45,0,Medio
826,Persona natural,Fibra óptica,Fibra 500 Mbps,500,250,1464,19,2,0,0,0,0.0,18,2,30304.8,30088.15,216.65,3.5,3,0,0.0,0,Bajo
827,Empresa,Fibra óptica,Fibra 500 Mbps,500,250,1458,16,2,3,1,2,5.79,16,2,26827.2,24453.78,2373.42,11.57,3,0,0.11382113821138211,0,Bajo
828,Persona natural,Fibra óptica,Fibra 200 Mbps,200,100,959,38,2,3,0,0,6.06,18,3,19851.3,16193.98,3657.32,7.13,5,0,0.11382113821138211,0,Bajo
829,Persona natural,Cable,Cable 100 Mbps,100,20,798,55,2,1,0,0,1.46,18,0,16518.6,16471.75,46.85,1.36,2,0,0.0,0,Bajo
830,Persona natural,Inalámbrico,Inalámbrico 20 Mbps,20,10,497,41,2,3,1,1,7.1,18,2,10287.9,8482.72,1805.18,5.67,3,0,0.3037037037037037,0,Medio
831,Persona natural,Cable,Cable 50 Mbps,50,10,557,13,2,1,1,0,8.92,13,5,8327.15,6373.66,1953.49,5.76,2,1,0.3037037037037037,0,Medio
832,Empresa,Cable,Cable 50 Mbps,50,10,621,12,2,9,1,4,9.58,12,5,8569.8,4581.94,3987.86,21.9,5,1,1.0,1,Alto
833,Persona natural,Fibra óptica,Fibra 500 Mbps,500,250,1488,27,2,2,0,0,2.94,18,2,30801.6,29314.16,1487.44,4.5,2,0,0.11382113821138211,0,Bajo
834,Persona natural,Cable,Cable 50 Mbps,50,10,575,55,2,1,0,0,1.84,18,0,11902.5,11416.13,486.37,2.78,3,0,0.0,0,Bajo
835,Persona natural,Cable,Cable 50 Mbps,50,10,588,29,2,1,0,0,3.03,18,4,12171.6,11351.07,820.53,7.27,3,0,0.0,0,Bajo
836,Persona natural,Inalámbrico,Inalámbrico 50 Mbps,50,20,605,32,2,2,0,0,2.8,18,1,12523.5,11981.6,541.9,2.43,2,0,0.0,0,Bajo
837,Persona natural,Cable,Cable 100 Mbps,100,20,780,47,2,0,0,0,0.0,18,1,16146.0,16018.27,127.73,4.16,1,0,0.0,0,Bajo
838,Persona natural,Cable,Cable 100 Mbps,100,20,719,14,2,3,1,1,7.9,14,3,11575.9,9729.52,1846.38,7.94,6,0,0.3037037037037037,0,Medio
839,Empresa,Enlace dedicado,Dedicado 100 Mbps,100,100,3472,37,3,2,0,0,2.54,18,0,71870.4,69489.9,2380.5,0.81,2,0,0.11382113821138211,0,Bajo
840,Empresa,Inalámbrico,Inalámbrico 50 Mbps,50,20,619,23,2,8,1,2,19.42,18,10,12813.3,7657.21,5156.09,9.86,9,1,0.6764705882352942,1,Alto
841,Persona natural,Fibra óptica,Fibra 100 Mbps,100,50,835,29,2,2,1,0,2.8,18,5,17284.5,14017.66,3266.84,9.46,5,1,0.9333333333333333,1,Alto
842,Persona natural,Cable,Cable 100 Mbps,100,20,752,34,2,4,1,1,2.14,18,6,15566.4,11823.2,3743.2,5.99,3,1,0.9333333333333333,1,Alto
843,Empresa,Fibra óptica,Fibra 500 Mbps,500,250,1471,59,2,0,0,0,0.0,18,1,30449.7,30244.36,205.34,3.96,1,0,0.0,0,Bajo
844,Persona natural,Fibra óptica,Fibra 500 Mbps,500,250,1507,20,2,1,0,0,8.54,18,5,31194.9,26675.18,4519.72,3.87,3,0,0.11382113821138211,0,Bajo
845,Persona natural,Cable,Cable 50 Mbps,50,10,639,23,2,1,0,0,2.69,18,1,13227.3,12589.48,637.82,2.43,1,0,0.0,0,Bajo
846,Persona natural,Inalámbrico,Inalámbrico 20 Mbps,20,10,493,4,2,6,3,1,14.25,4,2,2267.8,1796.62,471.18,16.63,10,1,1.0,1,Alto
847,Persona natural,Fibra óptica,Fibra 500 Mbps,500,250,1501,23,2,1,1,1,4.87,18,5,31070.7,27209.13,3861.57,13.53,2,0,0.11382113821138211,0,Bajo
848,Persona natural,Cable,Cable 100 Mbps,100,20,704,10,2,1,0,1,3.99,10,2,8096.0,7709.75,386.25,10.88,5,0,0.0,0,Bajo
849,Persona natural,Cable,Cable 100 Mbps,100,20,759,42,2,3,0,0,8.52,18,4,15711.3,13344.63,2366.67,4.85,2,0,0.3037037037037037,0,Medio
850,Persona natural,Cable,Cable 100 Mbps,100,20,727,19,2,2,0,0,2.13,18,0,15048.9,14550.5,498.4,0.98,3,0,0.0,0,Bajo
851,Persona natural,Inalámbrico,Inalámbrico 20 Mbps,20,10,526,41,2,1,0,0,2.84,18,3,10888.2,10718.08,170.12,2.41,1,0,0.0,0,Bajo
852,Persona natural,Cable,Cable 100 Mbps,100,20,760,27,2,0,0,0,0.0,18,3,15732.0,15305.86,426.14,2.6,1,0,0.0,0,Bajo
853,Persona natural,Fibra óptica,Fibra 200 Mbps,200,100,1047,36,2,0,0,0,0.0,18,2,21672.9,20754.62,918.28,3.1,3,0,0.0,0,Bajo
854,Persona natural,Fibra óptica,Fibra 200 Mbps,200,100,967,29,2,2,1,0,2.39,18,4,20016.9,15865.15,4151.75,7.04,3,1,0.11382113821138211,0,Bajo
855,Persona natural,Inalámbrico,Inalámbrico 50 Mbps,50,20,622,21,2,5,0,0,6.09,18,5,12875.4,12200.88,674.52,5.82,5,0,0.0,0,Bajo
856,Persona natural,Inalámbrico,Inalámbrico 50 Mbps,50,20,613,52,2,0,0,0,0.0,18,1,12689.1,12564.9,124.2,3.08,3,0,0.0,0,Bajo
857,Persona natural,Cable,Cable 100 Mbps,100,20,717,37,2,2,0,0,2.27,18,1,14841.9,14535.6,306.3,0.0,1,0,0.0,0,Bajo
858,Persona natural,Fibra óptica,Fibra 500 Mbps,500,250,1455,42,2,1,0,0,1.91,18,1,30118.5,29012.44,1106.06,3.09,3,0,0.0,0,Bajo
859,Persona natural,Fibra óptica,Fibra 200 Mbps,200,100,980,14,2,2,1,0,4.02,14,1,15778.0,12857.34,2920.66,13.04,3,0,0.11382113821138211,0,Bajo
860,Persona natural,Fibra óptica,Fibra 500 Mbps,500,250,1501,14,2,2,1,1,8.52,14,2,24166.1,20092.72,4073.38,14.86,2,1,1.0,1,Alto
861,Persona natural,Cable,Cable 50 Mbps,50,10,611,22,2,4,1,0,8.93,18,8,12647.7,10617.76,2029.94,10.99,2,0,0.3037037037037037,0,Medio
862,Empresa,Fibra óptica,Fibra 500 Mbps,500,250,1469,22,2,5,0,0,8.35,18,2,30408.3,25738.13,4670.17,8.94,2,0,0.11382113821138211,0,Bajo
863,Persona natural,Cable,Cable 100 Mbps,100,20,743,51,2,1,0,0,1.34,18,2,15380.1,14978.44,401.66,1.14,3,0,0.0,0,Bajo
864,Persona natural,Cable,Cable 50 Mbps,50,10,566,39,2,0,0,0,0.0,18,1,11716.2,11269.42,446.78,3.31,2,0,0.0,0,Bajo
865,Persona natural,Cable,Cable 50 Mbps,50,10,599,55,2,0,0,0,0.0,18,4,12399.3,11898.69,500.61,1.29,2,0,0.0,0,Bajo
866,Persona natural,Fibra óptica,Fibra 200 Mbps,200,100,960,22,2,1,0,0,5.89,18,5,19872.0,18182.2,1689.8,14.33,3,0,0.11382113821138211,0,Bajo
867,Persona natural,Fibra óptica,Fibra 500 Mbps,500,250,1489,34,2,1,0,1,2.5,18,6,30822.3,26877.21,3945.09,5.27,6,0,0.11382113821138211,0,Bajo
868,Persona natural,Cable,Cable 50 Mbps,50,10,584,18,2,0,0,0,0.0,18,1,12088.8,11827.48,261.32,4.23,1,0,0.0,0,Bajo
869,Persona natural,Inalámbrico,Inalámbrico 50 Mbps,50,20,631,34,2,1,0,0,2.92,18,2,13061.7,12849.33,212.37,3.91,3,0,0.0,0,Bajo
870,Empresa,Cable,Cable 100 Mbps,100,20,760,57,2,0,0,0,0.0,18,1,15732.0,15196.7,535.3,3.29,1,0,0.0,0,Bajo
871,Persona natural,Cable,Cable 50 Mbps,50,10,622,20,2,4,1,0,6.5,18,4,12875.4,12161.17,714.23,5.46,3,0,0.0,0,Bajo
872,Empresa,Enlace dedicado,Dedicado 100 Mbps,100,100,3523,28,3,2,0,0,1.11,18,3,72926.1,70917.68,2008.42,0.11,2,0,0.11382113821138211,0,Bajo
873,Persona natural,Cable,Cable 50 Mbps,50,10,636,28,2,1,0,0,2.75,18,3,13165.2,12645.05,520.15,0.05,3,0,0.0,0,Bajo
874,Persona natural,Inalámbrico,Inalámbrico 20 Mbps,20,10,516,32,2,0,0,0,0.0,18,1,10681.2,10627.71,53.49,2.13,3,0,0.0,0,Bajo
875,Persona natural,Fibra óptica,Fibra 200 Mbps,200,100,975,8,2,3,1,0,4.73,8,2,8970.0,8176.16,793.84,8.88,5,0,0.0,0,Bajo
876,Persona natural,Cable,Cable 100 Mbps,100,20,699,55,2,0,0,0,0.0,18,1,14469.3,14145.68,323.62,0.24,2,0,0.0,0,Bajo
877,Persona natural,Inalámbrico,Inalámbrico 20 Mbps,20,10,487,11,2,6,2,2,10.1,11,7,6160.55,4700.43,1460.12,19.84,10,0,0.6764705882352942,1,Alto
878,Persona natural,Cable,Cable 100 Mbps,100,20,701,11,2,4,2,0,12.61,11,3,8867.65,6194.44,2673.21,23.23,9,0,0.3,0,Medio
879,Persona natural,Fibra óptica,Fibra 500 Mbps,500,250,1543,30,2,5,1,1,6.76,18,1,31940.1,25763.71,6176.39,12.08,5,0,0.4074074074074074,0,Medio
880,Persona natural,Inalámbrico,Inalámbrico 50 Mbps,50,20,625,10,2,7,3,2,6.06,10,2,7187.5,5384.15,1803.35,24.61,9,1,0.6764705882352942,1,Alto
881,Persona natural,Fibra óptica,Fibra 100 Mbps,100,50,830,14,2,9,2,1,17.43,14,5,13363.0,7647.39,5715.61,13.22,8,1,1.0,1,Alto
882,Persona natural,Inalámbrico,Inalámbrico 20 Mbps,20,10,532,13,2,6,2,2,19.45,13,6,7953.4,6298.79,1654.61,15.5,7,1,0.6764705882352942,1,Alto
883,Persona natural,Inalámbrico,Inalámbrico 20 Mbps,20,10,530,22,2,9,1,0,12.45,18,5,10971.0,8678.57,2292.43,12.25,7,0,0.6764705882352942,1,Alto
884,Persona natural,Fibra óptica,Fibra 200 Mbps,200,100,998,55,2,0,0,0,0.0,18,1,20658.6,19789.52,869.08,1.19,1,0,0.0,0,Bajo
885,Persona natural,Cable,Cable 50 Mbps,50,10,568,12,2,8,3,6,5.5,12,8,7838.4,6897.83,940.57,15.93,5,0,0.14,0,Bajo
886,Persona natural,Fibra óptica,Fibra 100 Mbps,100,50,819,54,2,0,0,0,0.0,18,3,16953.3,16578.17,375.13,1.76,3,0,0.0,0,Bajo
887,Persona natural,Fibra óptica,Fibra 500 Mbps,500,250,1523,39,2,0,0,0,0.0,18,3,31526.1,30230.29,1295.81,3.71,1,0,0.0,0,Bajo
888,Empresa,Cable,Cable 50 Mbps,50,10,621,9,2,2,0,1,4.62,9,1,6427.35,5259.68,1167.67,3.46,4,0,0.14,0,Bajo
889,Persona natural,Cable,Cable 50 Mbps,50,10,604,56,2,1,0,0,1.64,18,0,12502.8,11903.99,598.81,0.11,3,0,0.0,0,Bajo
890,Persona natural,Cable,Cable 50 Mbps,50,10,644,25,2,2,1,0,6.34,18,6,13330.8,11607.3,1723.5,8.03,4,0,0.3037037037037037,0,Medio
891,Persona natural,Cable,Cable 50 Mbps,50,10,550,34,2,1,1,0,8.66,18,1,11385.0,8522.9,2862.1,4.71,5,1,0.3037037037037037,0,Medio
892,Empresa,Fibra óptica,Fibra 200 Mbps,200,100,1000,41,2,1,0,0,8.92,18,5,20700.0,17890.18,2809.82,14.99,5,0,0.4722222222222222,0,Medio
893,Persona natural,Cable,Cable 50 Mbps,50,10,623,51,2,0,0,0,0.0,18,2,12896.1,12555.18,340.92,3.46,1,0,0.0,0,Bajo
894,Empresa,Enlace dedicado,Dedicado 100 Mbps,100,100,3511,37,3,0,0,0,4.0,18,6,72677.7,60980.01,11697.69,11.72,4,1,0.4074074074074074,0,Medio
895,Persona natural,Fibra óptica,Fibra 200 Mbps,200,100,1036,22,2,5,0,2,4.55,18,0,21445.2,19861.24,1583.96,1.34,6,0,0.11382113821138211,0,Bajo
896,Persona natural,Inalámbrico,Inalámbrico 50 Mbps,50,20,691,31,2,1,0,0,2.53,18,1,14303.7,13967.7,336.0,1.72,2,0,0.0,0,Bajo
897,Persona natural,Fibra óptica,Fibra 100 Mbps,100,50,795,41,2,3,1,1,6.29,18,3,16456.5,15088.87,1367.63,14.55,6,1,0.3037037037037037,0,Medio
898,Empresa,Fibra óptica,Fibra 500 Mbps,500,250,1501,17,2,8,3,4,12.5,17,7,29344.55,18525.19,10819.36,11.61,5,1,0.4074074074074074,0,Medio
899,Empresa,Fibra óptica,Fibra 100 Mbps,100,50,840,23,2,5,1,0,13.1,18,7,17388.0,14031.92,3356.08,17.81,7,1,0.45,0,Medio
900,Persona natural,Cable,Cable 100 Mbps,100,20,757,22,2,8,3,5,9.16,18,8,15669.9,12235.73,3434.17,10.44,4,0,0.9333333333333333,1,Alto
901,Persona natural,Cable,Cable 50 Mbps,50,10,626,23,2,4,1,1,5.88,18,5,12958.2,10048.32,2909.88,11.1,5,1,0.3037037037037037,0,Medio
902,Empresa,Enlace dedicado,Dedicado 300 Mbps,300,300,6031,18,3,2,1,0,8.03,18,3,124841.7,108577.2,16264.5,9.27,2,1,0.4074074074074074,0,Medio
903,Persona natural,Inalámbrico,Inalámbrico 20 Mbps,20,10,515,52,2,1,0,0,2.84,18,1,10660.5,10609.67,50.83,0.46,3,0,0.0,0,Bajo
904,Persona natural,Fibra óptica,Fibra 100 Mbps,100,50,775,45,2,1,0,0,1.08,18,2,16042.5,15304.54,737.96,3.72,2,0,0.0,0,Bajo
905,Persona natural,Inalámbrico,Inalámbrico 20 Mbps,20,10,530,40,2,2,0,0,1.55,18,2,10971.0,10724.56,246.44,4.08,2,0,0.0,0,Bajo
906,Persona natural,Inalámbrico,Inalámbrico 50 Mbps,50,20,631,20,2,2,0,0,1.54,18,1,13061.7,12829.8,231.9,1.16,2,0,0.0,0,Bajo
907,Persona natural,Fibra óptica,Fibra 100 Mbps,100,50,787,12,2,8,3,4,19.47,12,5,10860.6,8185.78,2674.82,11.51,5,1,0.3037037037037037,0,Medio
908,Persona natural,Fibra óptica,Fibra 500 Mbps,500,250,1475,21,2,0,0,0,0.0,18,1,30532.5,29831.53,700.97,0.08,1,0,0.0,0,Bajo
909,Persona natural,Inalámbrico,Inalámbrico 50 Mbps,50,20,624,38,2,1,0,0,2.24,18,0,12916.8,12689.81,226.99,1.38,2,0,0.0,0,Bajo
910,Persona natural,Fibra óptica,Fibra 500 Mbps,500,250,1514,31,2,3,0,0,6.83,18,3,31339.8,26645.64,4694.16,6.55,3,0,0.11382113821138211,0,Bajo
911,Persona natural,Fibra óptica,Fibra 200 Mbps,200,100,1009,58,2,2,0,0,1.82,18,0,20886.3,20514.51,371.79,1.59,1,0,0.0,0,Bajo
912,Persona natural,Cable,Cable 100 Mbps,100,20,703,31,2,2,1,0,5.98,18,3,14552.1,12884.4,1667.7,7.4,2,0,0.3037037037037037,0,Medio
913,Persona natural,Inalámbrico,Inalámbrico 20 Mbps,20,10,471,37,2,4,1,2,7.38,18,7,9749.7,8741.41,1008.29,4.4,3,1,0.14,0,Bajo
914,Persona natural,Fibra óptica,Fibra 200 Mbps,200,100,957,10,2,5,2,1,7.27,10,4,11005.5,6569.7,4435.8,20.39,10,1,1.0,1,Alto
915,Persona natural,Fibra óptica,Fibra 100 Mbps,100,50,790,9,2,1,0,0,7.47,9,1,8176.5,7084.47,1092.03,3.7,2,0,0.0,0,Bajo
916,Persona natural,Inalámbrico,Inalámbrico 20 Mbps,20,10,532,37,2,2,0,1,7.22,18,1,11012.4,10254.23,758.17,3.73,2,0,0.0,0,Bajo
917,Persona natural,Fibra óptica,Fibra 500 Mbps,500,250,1500,56,2,1,0,0,2.69,18,2,31050.0,30128.16,921.84,4.45,1,0,0.0,0,Bajo
918,Persona natural,Cable,Cable 100 Mbps,100,20,769,10,2,8,3,3,18.7,10,4,8843.5,7380.05,1463.45,29.2,10,0,0.3,0,Medio
919,Persona natural,Cable,Cable 50 Mbps,50,10,612,52,2,2,0,0,1.88,18,1,12668.4,12117.5,550.9,2.0,2,0,0.0,0,Bajo
920,Persona natural,Cable,Cable 50 Mbps,50,10,600,5,2,4,2,2,16.64,5,5,3450.0,2462.52,987.48,9.51,6,0,0.14,0,Bajo
921,Persona natural,Fibra óptica,Fibra 100 Mbps,100,50,774,42,2,0,0,0,0.0,18,1,16021.8,15582.86,438.94,4.94,1,0,0.0,0,Bajo
922,Persona natural,Inalámbrico,Inalámbrico 20 Mbps,20,10,536,14,2,6,2,1,17.77,14,2,8629.6,7103.23,1526.37,25.66,4,0,0.4722222222222222,0,Medio
923,Persona natural,Inalámbrico,Inalámbrico 50 Mbps,50,20,606,28,2,4,0,0,6.23,18,3,12544.2,11508.99,1035.21,5.07,2,0,0.14,0,Bajo
924,Persona natural,Inalámbrico,Inalámbrico 20 Mbps,20,10,464,27,2,2,1,0,4.71,18,6,9604.8,9304.94,299.86,5.46,6,0,0.0,0,Bajo
925,Persona natural,Fibra óptica,Fibra 500 Mbps,500,250,1523,19,2,2,1,0,6.98,18,5,31526.1,27700.25,3825.85,13.28,6,1,0.11382113821138211,0,Bajo
926,Persona natural,Fibra óptica,Fibra 500 Mbps,500,250,1460,13,2,5,3,1,16.61,13,1,21827.0,14003.25,7823.75,27.48,10,0,0.45,0,Medio
927,Persona natural,Inalámbrico,Inalámbrico 50 Mbps,50,20,609,14,2,8,3,1,12.83,14,4,9804.9,5777.61,4027.29,18.06,8,1,0.6764705882352942,1,Alto
928,Empresa,Inalámbrico,Inalámbrico 20 Mbps,20,10,547,41,2,6,1,0,4.05,18,4,11322.9,10340.0,982.9,7.94,5,0,0.14,0,Bajo
929,Persona natural,Fibra óptica,Fibra 200 Mbps,200,100,1022,31,2,4,0,0,8.83,18,4,21155.4,17732.78,3422.62,3.44,2,0,0.11382113821138211,0,Bajo
930,Persona natural,Cable,Cable 100 Mbps,100,20,729,25,2,5,1,0,5.08,18,5,15090.3,13294.96,1795.34,7.2,5,0,0.3037037037037037,0,Medio
931,Persona natural,Fibra óptica,Fibra 200 Mbps,200,100,1045,27,2,1,0,0,0.0,18,2,21631.5,21436.84,194.66,3.88,1,0,0.0,0,Bajo
932,Persona natural,Fibra óptica,Fibra 200 Mbps,200,100,1031,27,2,1,0,0,1.61,18,1,21341.7,21281.6,60.1,3.49,1,0,0.0,0,Bajo
933,Persona natural,Inalámbrico,Inalámbrico 50 Mbps,50,20,627,39,2,2,0,0,2.71,18,5,12978.9,11568.86,1410.04,12.73,3,0,0.3037037037037037,0,Medio
934,Persona natural,Fibra óptica,Fibra 100 Mbps,100,50,765,41,2,2,0,0,2.83,18,0,15835.5,15590.97,244.53,0.19,2,0,0.0,0,Bajo
935,Persona natural,Inalámbrico,Inalámbrico 20 Mbps,20,10,469,35,2,3,0,0,5.15,18,1,9708.3,8159.47,1548.83,4.14,6,0,0.3037037037037037,0,Medio
936,Persona natural,Fibra óptica,Fibra 500 Mbps,500,250,1495,6,2,9,3,2,11.05,6,3,10315.5,7103.31,3212.19,20.84,7,1,1.0,1,Alto
937,Persona natural,Fibra óptica,Fibra 500 Mbps,500,250,1472,27,2,2,1,0,4.28,18,0,30470.4,24762.16,5708.24,0.12,6,0,0.11382113821138211,0,Bajo
938,Persona natural,Inalámbrico,Inalámbrico 20 Mbps,20,10,467,37,2,2,1,0,7.2,18,6,9666.9,8587.08,1079.82,7.76,3,0,0.14,0,Bajo
939,Empresa,Enlace dedicado,Dedicado 300 Mbps,300,300,5988,46,3,2,0,0,1.23,18,2,123951.6,119923.6,4028.0,2.45,2,0,0.11382113821138211,0,Bajo
940,Persona natural,Fibra óptica,Fibra 500 Mbps,500,250,1481,49,2,0,0,0,0.0,18,2,30656.7,29802.21,854.49,2.97,3,0,0.0,0,Bajo
941,Persona natural,Fibra óptica,Fibra 200 Mbps,200,100,982,40,2,0,0,0,0.0,18,1,20327.4,19675.22,652.18,2.64,3,0,0.0,0,Bajo
942,Persona natural,Inalámbrico,Inalámbrico 20 Mbps,20,10,494,42,2,0,0,0,0.0,18,3,10225.8,9932.33,293.47,0.93,1,0,0.0,0,Bajo
943,Persona natural,Cable,Cable 100 Mbps,100,20,786,16,2,9,2,2,17.43,16,6,14462.4,11658.66,2803.74,29.81,4,1,0.4722222222222222,0,Medio
944,Persona natural,Inalámbrico,Inalámbrico 50 Mbps,50,20,658,7,2,8,1,0,6.74,7,4,5296.9,3531.88,1765.02,28.43,7,0,0.6764705882352942,1,Alto
945,Persona natural,Cable,Cable 50 Mbps,50,10,558,38,2,1,0,0,6.27,18,5,11550.6,9789.21,1761.39,7.24,3,0,0.3037037037037037,0,Medio
946,Persona natural,Inalámbrico,Inalámbrico 50 Mbps,50,20,626,48,2,2,0,0,1.89,18,4,12958.2,12357.87,600.33,1.59,3,0,0.0,0,Bajo
947,Persona natural,Inalámbrico,Inalámbrico 50 Mbps,50,20,681,22,2,2,0,0,2.41,18,2,14096.7,13695.28,401.42,3.29,3,0,0.0,0,Bajo
948,Persona natural,Fibra óptica,Fibra 100 Mbps,100,50,823,16,2,9,1,4,8.26,16,4,15143.2,11258.54,3884.66,14.01,7,1,1.0,1,Alto
949,Persona natural,Inalámbrico,Inalámbrico 50 Mbps,50,20,650,8,2,5,1,1,5.2,8,1,5980.0,5402.49,577.51,6.29,4,0,0.0,0,Bajo
950,Persona natural,Fibra óptica,Fibra 500 Mbps,500,250,1507,36,2,4,0,0,5.18,18,4,31194.9,27010.46,4184.44,10.31,5,0,0.11382113821138211,0,Bajo
951,Persona natural,Fibra óptica,Fibra 200 Mbps,200,100,1047,52,2,1,0,0,1.48,18,1,21672.9,20732.44,940.46,0.43,3,0,0.0,0,Bajo
952,Empresa,Enlace dedicado,Dedicado 300 Mbps,300,300,6045,42,3,0,0,0,0.0,18,2,125131.5,121199.04,3932.46,2.07,1,0,0.11382113821138211,0,Bajo
953,Persona natural,Fibra óptica,Fibra 200 Mbps,200,100,980,17,2,2,0,2,3.03,17,2,19159.0,16843.6,2315.4,13.01,6,0,0.11382113821138211,0,Bajo
954,Persona natural,Inalámbrico,Inalámbrico 50 Mbps,50,20,618,14,2,1,1,0,3.03,14,5,9949.8,8110.34,1839.46,12.67,2,1,0.3037037037037037,0,Medio
955,Persona natural,Fibra óptica,Fibra 500 Mbps,500,250,1548,40,2,0,0,0,0.0,18,1,32043.6,30481.86,1561.74,0.23,2,0,0.11382113821138211,0,Bajo
956,Persona natural,Fibra óptica,Fibra 200 Mbps,200,100,1014,48,2,0,0,0,0.0,18,2,20989.8,20692.57,297.23,1.95,1,0,0.0,0,Bajo
957,Persona natural,Fibra óptica,Fibra 200 Mbps,200,100,999,26,2,0,0,0,0.0,18,2,20679.3,19925.77,753.53,1.02,3,0,0.0,0,Bajo
958,Persona natural,Fibra óptica,Fibra 100 Mbps,100,50,836,15,2,5,1,1,11.48,15,5,14421.0,9565.82,4855.18,18.48,8,1,1.0,1,Alto
959,Persona natural,Fibra óptica,Fibra 200 Mbps,200,100,963,15,2,8,3,3,18.01,15,8,16611.75,10905.12,5706.63,18.12,5,1,0.4722222222222222,0,Medio
960,Persona natural,Cable,Cable 50 Mbps,50,10,598,44,2,1,0,1,2.93,18,0,12378.6,12023.74,354.86,1.42,2,0,0.0,0,Bajo
961,Empresa,Fibra óptica,Fibra 500 Mbps,500,250,1531,22,2,7,3,3,10.28,18,7,31691.7,24151.31,7540.39,23.01,5,1,0.4722222222222222,0,Medio
962,Persona natural,Fibra óptica,Fibra 200 Mbps,200,100,997,34,2,2,0,0,2.32,18,0,20637.9,20110.46,527.44,0.92,3,0,0.0,0,Bajo
963,Persona natural,Inalámbrico,Inalámbrico 50 Mbps,50,20,670,45,2,0,0,0,0.0,18,1,13869.0,13457.12,411.88,1.82,1,0,0.0,0,Bajo
964,Persona natural,Fibra óptica,Fibra 500 Mbps,500,250,1516,18,2,1,0,0,1.71,18,1,31381.2,30707.58,673.62,0.45,2,0,0.0,0,Bajo
965,Empresa,Enlace dedicado,Dedicado 300 Mbps,300,300,6009,22,3,4,1,2,7.61,18,4,124386.3,118042.03,6344.27,8.6,3,0,0.4074074074074074,0,Medio
966,Persona natural,Inalámbrico,Inalámbrico 50 Mbps,50,20,658,49,2,0,0,0,0.0,18,2,13620.6,13611.28,9.32,2.39,3,0,0.0,0,Bajo
967,Persona natural,Inalámbrico,Inalámbrico 20 Mbps,20,10,473,34,2,3,1,1,3.05,18,1,9791.1,9061.73,729.37,6.3,5,0,0.0,0,Bajo
968,Persona natural,Inalámbrico,Inalámbrico 20 Mbps,20,10,465,34,2,0,0,0,0.0,18,3,9625.5,9396.88,228.62,1.87,2,0,0.0,0,Bajo
969,Empresa,Fibra óptica,Fibra 200 Mbps,200,100,1041,15,2,2,1,0,7.18,15,4,17957.25,16814.6,1142.65,13.55,2,0,0.0,0,Bajo
970,Persona natural,Cable,Cable 100 Mbps,100,20,754,10,2,5,2,1,16.83,10,4,8671.0,5584.05,3086.95,9.18,7,0,0.3,0,Medio
971,Persona natural,Fibra óptica,Fibra 100 Mbps,100,50,751,9,2,9,2,2,11.92,9,6,7772.85,5529.31,2243.54,23.53,8,0,0.6764705882352942,1,Alto
972,Persona natural,Inalámbrico,Inalámbrico 50 Mbps,50,20,643,24,2,9,1,1,14.55,18,5,13310.1,10769.69,2540.41,28.57,9,1,0.6764705882352942,1,Alto
973,Persona natural,Fibra óptica,Fibra 100 Mbps,100,50,811,12,2,1,1,0,4.54,12,0,11191.8,9938.12,1253.68,1.54,2,0,0.0,0,Bajo
974,Persona natural,Inalámbrico,Inalámbrico 20 Mbps,20,10,535,4,2,6,2,1,13.31,4,1,2461.0,1934.39,526.61,18.83,10,1,1.0,1,Alto
975,Persona natural,Fibra óptica,Fibra 500 Mbps,500,250,1483,10,2,5,1,1,2.24,10,3,17054.5,14021.46,3033.04,14.37,4,0,0.11382113821138211,0,Bajo
976,Persona natural,Cable,Cable 100 Mbps,100,20,720,33,2,1,0,0,1.38,18,4,14904.0,14376.55,527.45,1.0,1,0,0.0,0,Bajo
977,Persona natural,Inalámbrico,Inalámbrico 20 Mbps,20,10,498,41,2,2,0,0,7.47,18,2,10308.6,8661.69,1646.91,12.96,2,0,0.3037037037037037,0,Medio
978,Persona natural,Inalámbrico,Inalámbrico 20 Mbps,20,10,473,50,2,0,0,0,0.0,18,2,9791.1,9657.91,133.19,4.26,2,0,0.0,0,Bajo
979,Persona natural,Cable,Cable 50 Mbps,50,10,562,39,2,0,0,0,0.0,18,0,11633.4,11401.51,231.89,1.6,3,0,0.0,0,Bajo
980,Persona natural,Inalámbrico,Inalámbrico 50 Mbps,50,20,606,50,2,2,0,0,1.77,18,1,12544.2,11955.95,588.25,1.43,2,0,0.0,0,Bajo
981,Persona natural,Fibra óptica,Fibra 500 Mbps,500,250,1521,17,2,7,2,2,14.88,17,10,29735.55,22172.22,7563.33,25.97,7,1,0.45,0,Medio
982,Persona natural,Inalámbrico,Inalámbrico 20 Mbps,20,10,455,21,2,0,0,0,2.02,18,1,9418.5,9315.99,102.51,0.71,2,0,0.0,0,Bajo
983,Persona natural,Fibra óptica,Fibra 200 Mbps,200,100,959,38,2,1,1,0,6.76,18,1,19851.3,18061.89,1789.41,3.29,6,0,0.11382113821138211,0,Bajo
984,Persona natural,Cable,Cable 100 Mbps,100,20,709,13,2,1,1,0,3.21,13,4,10599.55,9489.65,1109.9,8.37,3,0,0.14,0,Bajo
985,Persona natural,Cable,Cable 100 Mbps,100,20,726,20,2,6,2,1,8.73,18,7,15028.2,9767.37,5260.83,18.89,6,0,0.4722222222222222,0,Medio
986,Persona natural,Fibra óptica,Fibra 500 Mbps,500,250,1515,23,2,2,0,0,2.61,18,0,31360.5,29808.53,1551.97,0.31,2,0,0.11382113821138211,0,Bajo
987,Persona natural,Cable,Cable 100 Mbps,100,20,747,25,2,5,1,1,6.63,18,3,15462.9,11518.42,3944.48,8.9,6,1,0.9333333333333333,1,Alto
988,Persona natural,Cable,Cable 100 Mbps,100,20,730,11,2,3,1,0,8.23,11,1,9234.5,7594.45,1640.05,7.75,5,0,0.3037037037037037,0,Medio
989,Persona natural,Cable,Cable 100 Mbps,100,20,732,31,2,2,0,0,0.88,18,2,15152.4,14658.13,494.27,4.72,2,0,0.0,0,Bajo
990,Persona natural,Fibra óptica,Fibra 500 Mbps,500,250,1519,28,2,1,0,0,8.92,18,2,31443.3,30342.54,1100.76,11.84,3,0,0.0,0,Bajo
991,Persona natural,Fibra óptica,Fibra 500 Mbps,500,250,1493,47,2,1,0,0,2.08,18,0,30905.1,30471.72,433.38,0.62,2,0,0.0,0,Bajo
992,Empresa,Enlace dedicado,Dedicado 300 Mbps,300,300,5986,14,3,5,2,3,8.69,14,8,96374.6,65812.65,30561.95,11.3,8,1,0.45,0,Medio
993,Persona natural,Inalámbrico,Inalámbrico 20 Mbps,20,10,509,21,2,0,0,0,0.0,18,2,10536.3,10372.02,164.28,1.01,2,0,0.0,0,Bajo
994,Persona natural,Inalámbrico,Inalámbrico 50 Mbps,50,20,628,22,2,1,1,0,3.97,18,3,12999.6,12033.3,966.3,9.88,6,0,0.14,0,Bajo
995,Persona natural,Fibra óptica,Fibra 100 Mbps,100,50,790,13,2,8,3,6,11.25,13,7,11810.5,7793.83,4016.67,11.23,10,1,0.6764705882352942,1,Alto
996,Persona natural,Fibra óptica,Fibra 200 Mbps,200,100,992,57,2,0,0,0,0.0,18,0,20534.4,20215.52,318.88,1.13,3,0,0.0,0,Bajo
997,Persona natural,Inalámbrico,Inalámbrico 50 Mbps,50,20,674,13,2,4,0,0,8.23,13,2,10076.3,8408.14,1668.16,13.09,4,0,0.3037037037037037,0,Medio
998,Empresa,Fibra óptica,Fibra 100 Mbps,100,50,822,12,2,7,1,3,6.66,12,1,11343.6,6895.97,4447.63,21.34,9,0,0.6764705882352942,1,Alto
999,Persona natural,Fibra óptica,Fibra 100 Mbps,100,50,824,12,2,8,1,4,12.91,12,5,11371.2,10093.7,1277.5,10.31,6,0,0.0,0,Bajo
1000,Persona natural,Cable,Cable 50 Mbps,50,10,588,35,2,2,1,0,6.45,18,4,12171.6,11124.08,1047.52,5.1,6,0,0.14,0,Bajo
